sample_index,true_id,pred_id,true_label,pred_label,correct,confidence,true_confidence,confidence_margin,track_id,mp3_path
424,2,5,Folk,International,False,0.91064453125,0.0350341796875,0.87548828125,10389,data/fma_small/010/010389.mp3
5262,7,0,Rock,Electronic,False,0.904296875,0.0012769699096679688,0.8642578125,113305,data/fma_small/113/113305.mp3
4470,0,5,Electronic,International,False,0.88720703125,0.005237579345703125,0.84423828125,99135,data/fma_small/099/099135.mp3
3931,6,2,Pop,Folk,False,0.8681640625,0.060028076171875,0.80810546875,87187,data/fma_small/087/087187.mp3
2015,6,3,Pop,Hip-Hop,False,0.86767578125,0.031768798828125,0.81787109375,49477,data/fma_small/049/049477.mp3
6298,4,7,Instrumental,Rock,False,0.86669921875,0.01088714599609375,0.7861328125,126183,data/fma_small/126/126183.mp3
6805,6,7,Pop,Rock,False,0.83837890625,0.08349609375,0.7548828125,131436,data/fma_small/131/131436.mp3
1687,7,1,Rock,Experimental,False,0.82861328125,0.033416748046875,0.7568359375,42851,data/fma_small/042/042851.mp3
5311,3,4,Hip-Hop,Instrumental,False,0.82177734375,0.0101470947265625,0.77490234375,114037,data/fma_small/114/114037.mp3
3375,1,2,Experimental,Folk,False,0.818359375,0.037933349609375,0.76171875,74377,data/fma_small/074/074377.mp3
5109,6,0,Pop,Electronic,False,0.806640625,0.03216552734375,0.72998046875,111386,data/fma_small/111/111386.mp3
4992,1,4,Experimental,Instrumental,False,0.80322265625,0.14306640625,0.66015625,110206,data/fma_small/110/110206.mp3
6495,6,2,Pop,Folk,False,0.798828125,0.07684326171875,0.72216796875,127289,data/fma_small/127/127289.mp3
5454,0,3,Electronic,Hip-Hop,False,0.78369140625,0.04888916015625,0.7236328125,115321,data/fma_small/115/115321.mp3
4518,0,1,Electronic,Experimental,False,0.78125,0.044219970703125,0.72021484375,100549,data/fma_small/100/100549.mp3
1195,0,3,Electronic,Hip-Hop,False,0.77734375,0.10589599609375,0.67138671875,29673,data/fma_small/029/029673.mp3
3039,6,4,Pop,Instrumental,False,0.7734375,0.013214111328125,0.6669921875,69182,data/fma_small/069/069182.mp3
4564,6,7,Pop,Rock,False,0.77001953125,0.1380615234375,0.6318359375,104068,data/fma_small/104/104068.mp3
6069,3,7,Hip-Hop,Rock,False,0.76123046875,0.00888824462890625,0.6220703125,123441,data/fma_small/123/123441.mp3
1271,6,2,Pop,Folk,False,0.75048828125,0.087158203125,0.6630859375,32332,data/fma_small/032/032332.mp3
3742,2,7,Folk,Rock,False,0.74853515625,0.024261474609375,0.60693359375,84156,data/fma_small/084/084156.mp3
1785,1,7,Experimental,Rock,False,0.7470703125,0.0177001953125,0.5869140625,44791,data/fma_small/044/044791.mp3
1470,5,2,International,Folk,False,0.736328125,0.0369873046875,0.64208984375,38782,data/fma_small/038/038782.mp3
1103,0,5,Electronic,International,False,0.73486328125,0.01326751708984375,0.6474609375,26905,data/fma_small/026/026905.mp3
4563,6,7,Pop,Rock,False,0.734375,0.1575927734375,0.57666015625,104067,data/fma_small/104/104067.mp3
6061,7,5,Rock,International,False,0.732421875,0.0225830078125,0.64990234375,123273,data/fma_small/123/123273.mp3
3748,0,4,Electronic,Instrumental,False,0.72900390625,0.09552001953125,0.63330078125,84200,data/fma_small/084/084200.mp3
644,5,2,International,Folk,False,0.72900390625,0.1146240234375,0.6142578125,13539,data/fma_small/013/013539.mp3
7089,4,3,Instrumental,Hip-Hop,False,0.7099609375,0.0164794921875,0.6103515625,134796,data/fma_small/134/134796.mp3
3886,3,0,Hip-Hop,Electronic,False,0.70947265625,0.077392578125,0.6318359375,86678,data/fma_small/086/086678.mp3
3025,0,3,Electronic,Hip-Hop,False,0.70654296875,0.1622314453125,0.54443359375,68891,data/fma_small/068/068891.mp3
5048,3,1,Hip-Hop,Experimental,False,0.6943359375,0.0142669677734375,0.59228515625,110736,data/fma_small/110/110736.mp3
5203,4,2,Instrumental,Folk,False,0.693359375,0.188720703125,0.5048828125,112976,data/fma_small/112/112976.mp3
6603,1,4,Experimental,Instrumental,False,0.69140625,0.17724609375,0.51416015625,128878,data/fma_small/128/128878.mp3
6806,6,7,Pop,Rock,False,0.69091796875,0.140380859375,0.55078125,131439,data/fma_small/131/131439.mp3
3796,6,7,Pop,Rock,False,0.68408203125,0.2037353515625,0.48046875,85428,data/fma_small/085/085428.mp3
6381,1,4,Experimental,Instrumental,False,0.68359375,0.09539794921875,0.58837890625,126512,data/fma_small/126/126512.mp3
1119,6,2,Pop,Folk,False,0.68310546875,0.11663818359375,0.56640625,27550,data/fma_small/027/027550.mp3
7716,6,3,Pop,Hip-Hop,False,0.68115234375,0.09307861328125,0.587890625,145703,data/fma_small/145/145703.mp3
2064,6,0,Pop,Electronic,False,0.68017578125,0.1131591796875,0.56689453125,51260,data/fma_small/051/051260.mp3
7400,2,3,Folk,Hip-Hop,False,0.68017578125,0.00864410400390625,0.51953125,140794,data/fma_small/140/140794.mp3
1373,0,4,Electronic,Instrumental,False,0.67919921875,0.1732177734375,0.505859375,36245,data/fma_small/036/036245.mp3
7470,0,7,Electronic,Rock,False,0.6767578125,0.01373291015625,0.5390625,141874,data/fma_small/141/141874.mp3
2496,6,7,Pop,Rock,False,0.67431640625,0.16845703125,0.505859375,58116,data/fma_small/058/058116.mp3
5245,5,0,International,Electronic,False,0.66845703125,0.0792236328125,0.55908203125,113270,data/fma_small/113/113270.mp3
6164,6,7,Pop,Rock,False,0.6669921875,0.1771240234375,0.48974609375,124481,data/fma_small/124/124481.mp3
2317,6,4,Pop,Instrumental,False,0.66552734375,0.05242919921875,0.53564453125,55290,data/fma_small/055/055290.mp3
5314,3,4,Hip-Hop,Instrumental,False,0.6640625,0.033905029296875,0.51806640625,114042,data/fma_small/114/114042.mp3
5895,6,7,Pop,Rock,False,0.6640625,0.1556396484375,0.50830078125,121592,data/fma_small/121/121592.mp3
932,6,2,Pop,Folk,False,0.66357421875,0.05841064453125,0.5,22474,data/fma_small/022/022474.mp3
4691,5,7,International,Rock,False,0.662109375,0.02398681640625,0.45263671875,107185,data/fma_small/107/107185.mp3
6756,0,5,Electronic,International,False,0.66064453125,0.13720703125,0.5234375,130920,data/fma_small/130/130920.mp3
7342,1,4,Experimental,Instrumental,False,0.65966796875,0.1741943359375,0.4853515625,139638,data/fma_small/139/139638.mp3
5686,1,2,Experimental,Folk,False,0.6552734375,0.068115234375,0.525390625,118505,data/fma_small/118/118505.mp3
451,7,1,Rock,Experimental,False,0.654296875,0.05499267578125,0.4326171875,10675,data/fma_small/010/010675.mp3
7827,5,0,International,Electronic,False,0.65283203125,0.0867919921875,0.548828125,148076,data/fma_small/148/148076.mp3
7284,6,7,Pop,Rock,False,0.65185546875,0.1942138671875,0.45751953125,138065,data/fma_small/138/138065.mp3
2743,4,7,Instrumental,Rock,False,0.65087890625,0.037139892578125,0.5048828125,63291,data/fma_small/063/063291.mp3
5644,5,3,International,Hip-Hop,False,0.64697265625,0.1376953125,0.50927734375,117943,data/fma_small/117/117943.mp3
2116,5,3,International,Hip-Hop,False,0.6455078125,0.1925048828125,0.453125,52123,data/fma_small/052/052123.mp3
6725,0,4,Electronic,Instrumental,False,0.64501953125,0.07666015625,0.5498046875,130136,data/fma_small/130/130136.mp3
2757,3,0,Hip-Hop,Electronic,False,0.64404296875,0.08953857421875,0.54638671875,63789,data/fma_small/063/063789.mp3
5394,7,2,Rock,Folk,False,0.64208984375,0.047027587890625,0.54150390625,114401,data/fma_small/114/114401.mp3
7718,6,3,Pop,Hip-Hop,False,0.638671875,0.10687255859375,0.53173828125,145705,data/fma_small/145/145705.mp3
2581,1,0,Experimental,Electronic,False,0.638671875,0.16162109375,0.47705078125,59823,data/fma_small/059/059823.mp3
2517,6,0,Pop,Electronic,False,0.63720703125,0.0762939453125,0.552734375,58474,data/fma_small/058/058474.mp3
5409,7,3,Rock,Hip-Hop,False,0.63720703125,0.01110076904296875,0.48828125,114430,data/fma_small/114/114430.mp3
5293,6,3,Pop,Hip-Hop,False,0.6337890625,0.09075927734375,0.509765625,113809,data/fma_small/113/113809.mp3
3788,6,7,Pop,Rock,False,0.6328125,0.21484375,0.41796875,85420,data/fma_small/085/085420.mp3
7871,5,2,International,Folk,False,0.63232421875,0.02923583984375,0.50634765625,148429,data/fma_small/148/148429.mp3
3700,6,4,Pop,Instrumental,False,0.6318359375,0.05926513671875,0.479736328125,83511,data/fma_small/083/083511.mp3
2762,3,4,Hip-Hop,Instrumental,False,0.6279296875,0.0175933837890625,0.5390625,63900,data/fma_small/063/063900.mp3
90,6,7,Pop,Rock,False,0.6279296875,0.1744384765625,0.45361328125,1649,data/fma_small/001/001649.mp3
833,6,2,Pop,Folk,False,0.62548828125,0.14208984375,0.4833984375,19074,data/fma_small/019/019074.mp3
843,6,5,Pop,International,False,0.62451171875,0.1005859375,0.501953125,19418,data/fma_small/019/019418.mp3
2366,0,3,Electronic,Hip-Hop,False,0.62255859375,0.04296875,0.50634765625,56034,data/fma_small/056/056034.mp3
1550,6,5,Pop,International,False,0.61962890625,0.11517333984375,0.50439453125,39664,data/fma_small/039/039664.mp3
4257,1,0,Experimental,Electronic,False,0.61669921875,0.03765869140625,0.383056640625,95189,data/fma_small/095/095189.mp3
2477,3,1,Hip-Hop,Experimental,False,0.6142578125,0.025848388671875,0.52099609375,57822,data/fma_small/057/057822.mp3
4521,0,1,Electronic,Experimental,False,0.61181640625,0.06536865234375,0.529296875,100745,data/fma_small/100/100745.mp3
7079,7,5,Rock,International,False,0.61181640625,0.09686279296875,0.50537109375,134594,data/fma_small/134/134594.mp3
6380,1,4,Experimental,Instrumental,False,0.609375,0.112060546875,0.41064453125,126510,data/fma_small/126/126510.mp3
344,1,0,Experimental,Electronic,False,0.60791015625,0.07318115234375,0.51171875,7377,data/fma_small/007/007377.mp3
6021,4,0,Instrumental,Electronic,False,0.60791015625,0.039520263671875,0.495849609375,122650,data/fma_small/122/122650.mp3
5525,0,3,Electronic,Hip-Hop,False,0.607421875,0.1964111328125,0.4111328125,116238,data/fma_small/116/116238.mp3
2454,1,7,Experimental,Rock,False,0.607421875,0.2060546875,0.4013671875,57440,data/fma_small/057/057440.mp3
1245,0,4,Electronic,Instrumental,False,0.6064453125,0.064453125,0.488037109375,31043,data/fma_small/031/031043.mp3
6167,6,7,Pop,Rock,False,0.60595703125,0.1456298828125,0.46044921875,124484,data/fma_small/124/124484.mp3
673,2,5,Folk,International,False,0.60400390625,0.0731201171875,0.48388671875,13930,data/fma_small/013/013930.mp3
2838,1,5,Experimental,International,False,0.6025390625,0.1497802734375,0.45263671875,64858,data/fma_small/064/064858.mp3
1078,1,4,Experimental,Instrumental,False,0.60205078125,0.1002197265625,0.46826171875,26605,data/fma_small/026/026605.mp3
6731,2,5,Folk,International,False,0.60205078125,0.182861328125,0.419189453125,130347,data/fma_small/130/130347.mp3
2750,1,2,Experimental,Folk,False,0.59912109375,0.09747314453125,0.49365234375,63626,data/fma_small/063/063626.mp3
5952,1,0,Experimental,Electronic,False,0.5986328125,0.01885986328125,0.4736328125,122107,data/fma_small/122/122107.mp3
1969,6,2,Pop,Folk,False,0.59716796875,0.0965576171875,0.4970703125,48453,data/fma_small/048/048453.mp3
5218,6,0,Pop,Electronic,False,0.59716796875,0.114501953125,0.482666015625,113028,data/fma_small/113/113028.mp3
505,5,2,International,Folk,False,0.59619140625,0.043853759765625,0.45263671875,11675,data/fma_small/011/011675.mp3
2211,6,2,Pop,Folk,False,0.5947265625,0.1295166015625,0.442626953125,53937,data/fma_small/053/053937.mp3
2506,6,4,Pop,Instrumental,False,0.59375,0.04046630859375,0.46044921875,58173,data/fma_small/058/058173.mp3
7630,2,4,Folk,Instrumental,False,0.591796875,0.1510009765625,0.44091796875,144476,data/fma_small/144/144476.mp3
6491,6,7,Pop,Rock,False,0.58837890625,0.2286376953125,0.35986328125,127285,data/fma_small/127/127285.mp3
1967,6,4,Pop,Instrumental,False,0.5869140625,0.04736328125,0.453125,48450,data/fma_small/048/048450.mp3
1096,7,2,Rock,Folk,False,0.5869140625,0.08050537109375,0.4306640625,26681,data/fma_small/026/026681.mp3
6749,7,1,Rock,Experimental,False,0.5869140625,0.08831787109375,0.4150390625,130693,data/fma_small/130/130693.mp3
249,5,1,International,Experimental,False,0.58642578125,0.06134033203125,0.47705078125,4848,data/fma_small/004/004848.mp3
3135,3,0,Hip-Hop,Electronic,False,0.5859375,0.1690673828125,0.4169921875,70773,data/fma_small/070/070773.mp3
5038,4,7,Instrumental,Rock,False,0.5859375,0.040618896484375,0.412109375,110654,data/fma_small/110/110654.mp3
5989,6,4,Pop,Instrumental,False,0.5849609375,0.0767822265625,0.443359375,122498,data/fma_small/122/122498.mp3
6753,3,5,Hip-Hop,International,False,0.58447265625,0.2125244140625,0.3720703125,130711,data/fma_small/130/130711.mp3
6084,0,4,Electronic,Instrumental,False,0.5810546875,0.186767578125,0.394287109375,123502,data/fma_small/123/123502.mp3
1611,7,0,Rock,Electronic,False,0.5771484375,0.039581298828125,0.43896484375,40985,data/fma_small/040/040985.mp3
1203,1,0,Experimental,Electronic,False,0.576171875,0.058807373046875,0.455078125,29741,data/fma_small/029/029741.mp3
3137,3,0,Hip-Hop,Electronic,False,0.576171875,0.1959228515625,0.38037109375,70775,data/fma_small/070/070775.mp3
3583,4,7,Instrumental,Rock,False,0.5751953125,0.059173583984375,0.4150390625,80516,data/fma_small/080/080516.mp3
6126,3,0,Hip-Hop,Electronic,False,0.57373046875,0.1646728515625,0.4091796875,123975,data/fma_small/123/123975.mp3
4053,6,7,Pop,Rock,False,0.57177734375,0.173583984375,0.398193359375,90824,data/fma_small/090/090824.mp3
2451,6,7,Pop,Rock,False,0.56787109375,0.219482421875,0.348388671875,57435,data/fma_small/057/057435.mp3
5926,5,0,International,Electronic,False,0.56689453125,0.10784912109375,0.43798828125,121913,data/fma_small/121/121913.mp3
5999,6,4,Pop,Instrumental,False,0.56689453125,0.039825439453125,0.39013671875,122579,data/fma_small/122/122579.mp3
4965,6,1,Pop,Experimental,False,0.56689453125,0.03546142578125,0.356201171875,109973,data/fma_small/109/109973.mp3
5364,0,7,Electronic,Rock,False,0.56591796875,0.0299530029296875,0.35546875,114290,data/fma_small/114/114290.mp3
5662,0,4,Electronic,Instrumental,False,0.56298828125,0.2255859375,0.33740234375,118070,data/fma_small/118/118070.mp3
5115,6,3,Pop,Hip-Hop,False,0.55712890625,0.0985107421875,0.443603515625,111392,data/fma_small/111/111392.mp3
7174,2,4,Folk,Instrumental,False,0.55712890625,0.2396240234375,0.3173828125,136138,data/fma_small/136/136138.mp3
4913,1,7,Experimental,Rock,False,0.55615234375,0.1328125,0.422607421875,109106,data/fma_small/109/109106.mp3
568,2,4,Folk,Instrumental,False,0.5556640625,0.1441650390625,0.41162109375,12049,data/fma_small/012/012049.mp3
5963,1,0,Experimental,Electronic,False,0.55517578125,0.1783447265625,0.376953125,122247,data/fma_small/122/122247.mp3
1399,0,4,Electronic,Instrumental,False,0.552734375,0.1488037109375,0.40380859375,36659,data/fma_small/036/036659.mp3
591,2,7,Folk,Rock,False,0.548828125,0.09039306640625,0.3486328125,12348,data/fma_small/012/012348.mp3
2819,3,0,Hip-Hop,Electronic,False,0.5478515625,0.2259521484375,0.32177734375,64626,data/fma_small/064/064626.mp3
2418,5,3,International,Hip-Hop,False,0.5458984375,0.14404296875,0.40185546875,56696,data/fma_small/056/056696.mp3
2939,6,7,Pop,Rock,False,0.54541015625,0.1593017578125,0.38623046875,67358,data/fma_small/067/067358.mp3
4423,3,1,Hip-Hop,Experimental,False,0.54443359375,0.0233306884765625,0.33544921875,98565,data/fma_small/098/098565.mp3
538,3,0,Hip-Hop,Electronic,False,0.54345703125,0.290283203125,0.253173828125,11790,data/fma_small/011/011790.mp3
7578,7,2,Rock,Folk,False,0.54296875,0.0791015625,0.33251953125,143217,data/fma_small/143/143217.mp3
2495,6,7,Pop,Rock,False,0.5419921875,0.187255859375,0.354736328125,58115,data/fma_small/058/058115.mp3
639,6,5,Pop,International,False,0.541015625,0.1358642578125,0.4052734375,13362,data/fma_small/013/013362.mp3
3989,2,7,Folk,Rock,False,0.541015625,0.097900390625,0.34912109375,88892,data/fma_small/088/088892.mp3
7983,6,5,Pop,International,False,0.54052734375,0.1611328125,0.37939453125,153383,data/fma_small/153/153383.mp3
3678,1,4,Experimental,Instrumental,False,0.5390625,0.1627197265625,0.37646484375,82890,data/fma_small/082/082890.mp3
5006,1,4,Experimental,Instrumental,False,0.5361328125,0.1666259765625,0.36962890625,110274,data/fma_small/110/110274.mp3
6920,0,4,Electronic,Instrumental,False,0.53515625,0.057708740234375,0.4169921875,132775,data/fma_small/132/132775.mp3
3708,3,0,Hip-Hop,Electronic,False,0.53466796875,0.07305908203125,0.416015625,83718,data/fma_small/083/083718.mp3
5136,4,1,Instrumental,Experimental,False,0.52783203125,0.0694580078125,0.28466796875,111873,data/fma_small/111/111873.mp3
2827,6,4,Pop,Instrumental,False,0.525390625,0.077880859375,0.3642578125,64788,data/fma_small/064/064788.mp3
6812,6,7,Pop,Rock,False,0.52490234375,0.2015380859375,0.3232421875,131452,data/fma_small/131/131452.mp3
1798,1,0,Experimental,Electronic,False,0.5244140625,0.04815673828125,0.35595703125,44804,data/fma_small/044/044804.mp3
7283,6,7,Pop,Rock,False,0.5244140625,0.301025390625,0.223388671875,138064,data/fma_small/138/138064.mp3
1787,1,2,Experimental,Folk,False,0.52392578125,0.1302490234375,0.387451171875,44793,data/fma_small/044/044793.mp3
2937,6,7,Pop,Rock,False,0.52392578125,0.19482421875,0.3291015625,67336,data/fma_small/067/067336.mp3
2942,6,4,Pop,Instrumental,False,0.52197265625,0.099609375,0.32861328125,67361,data/fma_small/067/067361.mp3
1179,6,4,Pop,Instrumental,False,0.52099609375,0.056182861328125,0.330810546875,29180,data/fma_small/029/029180.mp3
477,6,7,Pop,Rock,False,0.52099609375,0.232177734375,0.288818359375,11198,data/fma_small/011/011198.mp3
5553,1,7,Experimental,Rock,False,0.52001953125,0.130615234375,0.34375,116465,data/fma_small/116/116465.mp3
2059,1,5,Experimental,International,False,0.51611328125,0.1978759765625,0.318359375,51118,data/fma_small/051/051118.mp3
1870,0,1,Electronic,Experimental,False,0.51513671875,0.1021728515625,0.2978515625,46158,data/fma_small/046/046158.mp3
6747,7,1,Rock,Experimental,False,0.5146484375,0.1949462890625,0.31982421875,130691,data/fma_small/130/130691.mp3
4517,0,1,Electronic,Experimental,False,0.51318359375,0.183837890625,0.329345703125,100544,data/fma_small/100/100544.mp3
7629,2,4,Folk,Instrumental,False,0.5107421875,0.1268310546875,0.376953125,144475,data/fma_small/144/144475.mp3
806,7,1,Rock,Experimental,False,0.509765625,0.43701171875,0.07275390625,17735,data/fma_small/017/017735.mp3
6242,6,7,Pop,Rock,False,0.50732421875,0.15625,0.33447265625,125375,data/fma_small/125/125375.mp3
706,4,2,Instrumental,Folk,False,0.5068359375,0.1658935546875,0.3408203125,14586,data/fma_small/014/014586.mp3
6165,6,7,Pop,Rock,False,0.5068359375,0.1898193359375,0.31689453125,124482,data/fma_small/124/124482.mp3
612,2,7,Folk,Rock,False,0.5048828125,0.09869384765625,0.330810546875,12513,data/fma_small/012/012513.mp3
2947,6,5,Pop,International,False,0.50439453125,0.1324462890625,0.3720703125,67366,data/fma_small/067/067366.mp3
6089,6,4,Pop,Instrumental,False,0.50439453125,0.0352783203125,0.198486328125,123509,data/fma_small/123/123509.mp3
3663,1,0,Experimental,Electronic,False,0.50390625,0.1376953125,0.32666015625,82242,data/fma_small/082/082242.mp3
1536,5,0,International,Electronic,False,0.50390625,0.04730224609375,0.2236328125,39357,data/fma_small/039/039357.mp3
2216,6,2,Pop,Folk,False,0.50244140625,0.1861572265625,0.31640625,54034,data/fma_small/054/054034.mp3
3119,0,4,Electronic,Instrumental,False,0.50244140625,0.387451171875,0.114990234375,70302,data/fma_small/070/070302.mp3
636,6,0,Pop,Electronic,False,0.50146484375,0.157470703125,0.33935546875,13220,data/fma_small/013/013220.mp3
952,1,5,Experimental,International,False,0.5009765625,0.159912109375,0.341064453125,23329,data/fma_small/023/023329.mp3
3310,6,4,Pop,Instrumental,False,0.50048828125,0.132080078125,0.368408203125,73468,data/fma_small/073/073468.mp3
5064,2,4,Folk,Instrumental,False,0.499755859375,0.2880859375,0.211669921875,110927,data/fma_small/110/110927.mp3
6834,4,5,Instrumental,International,False,0.498291015625,0.029937744140625,0.228271484375,131789,data/fma_small/131/131789.mp3
5847,4,0,Instrumental,Electronic,False,0.497314453125,0.11260986328125,0.377685546875,120515,data/fma_small/120/120515.mp3
6371,6,7,Pop,Rock,False,0.49658203125,0.28173828125,0.21484375,126431,data/fma_small/126/126431.mp3
6483,6,7,Pop,Rock,False,0.496337890625,0.281005859375,0.21533203125,127274,data/fma_small/127/127274.mp3
3469,3,5,Hip-Hop,International,False,0.49609375,0.269287109375,0.226806640625,75751,data/fma_small/075/075751.mp3
5801,4,7,Instrumental,Rock,False,0.495849609375,0.07977294921875,0.298583984375,120296,data/fma_small/120/120296.mp3
2077,6,0,Pop,Electronic,False,0.495849609375,0.0379638671875,0.134521484375,51276,data/fma_small/051/051276.mp3
7049,4,0,Instrumental,Electronic,False,0.494873046875,0.06634521484375,0.296630859375,133978,data/fma_small/133/133978.mp3
866,7,2,Rock,Folk,False,0.494140625,0.0592041015625,0.268798828125,20050,data/fma_small/020/020050.mp3
892,6,7,Pop,Rock,False,0.492919921875,0.182861328125,0.31005859375,21400,data/fma_small/021/021400.mp3
7841,4,0,Instrumental,Electronic,False,0.49267578125,0.08990478515625,0.326171875,148132,data/fma_small/148/148132.mp3
5703,0,4,Electronic,Instrumental,False,0.49072265625,0.1240234375,0.3564453125,118922,data/fma_small/118/118922.mp3
3324,0,3,Electronic,Hip-Hop,False,0.489990234375,0.2327880859375,0.25732421875,73565,data/fma_small/073/073565.mp3
2105,6,5,Pop,International,False,0.4873046875,0.12384033203125,0.36279296875,52039,data/fma_small/052/052039.mp3
4360,1,0,Experimental,Electronic,False,0.484619140625,0.1099853515625,0.215576171875,97793,data/fma_small/097/097793.mp3
2460,1,4,Experimental,Instrumental,False,0.484375,0.11724853515625,0.33935546875,57627,data/fma_small/057/057627.mp3
1222,1,0,Experimental,Electronic,False,0.484130859375,0.09454345703125,0.3232421875,30090,data/fma_small/030/030090.mp3
3528,1,7,Experimental,Rock,False,0.478271484375,0.1571044921875,0.3212890625,77521,data/fma_small/077/077521.mp3
7957,5,0,International,Electronic,False,0.475341796875,0.0906982421875,0.36669921875,150078,data/fma_small/150/150078.mp3
3735,1,4,Experimental,Instrumental,False,0.473876953125,0.07275390625,0.235107421875,84139,data/fma_small/084/084139.mp3
2483,1,3,Experimental,Hip-Hop,False,0.47265625,0.0703125,0.34423828125,57938,data/fma_small/057/057938.mp3
924,6,4,Pop,Instrumental,False,0.472412109375,0.09210205078125,0.345458984375,22097,data/fma_small/022/022097.mp3
618,6,7,Pop,Rock,False,0.4716796875,0.222412109375,0.249267578125,12530,data/fma_small/012/012530.mp3
2938,6,2,Pop,Folk,False,0.47119140625,0.144775390625,0.326416015625,67357,data/fma_small/067/067357.mp3
2492,1,0,Experimental,Electronic,False,0.4697265625,0.2215576171875,0.2481689453125,58063,data/fma_small/058/058063.mp3
2162,1,4,Experimental,Instrumental,False,0.468505859375,0.254150390625,0.21435546875,52859,data/fma_small/052/052859.mp3
432,2,5,Folk,International,False,0.468017578125,0.31884765625,0.149169921875,10444,data/fma_small/010/010444.mp3
1671,7,4,Rock,Instrumental,False,0.467529296875,0.053955078125,0.2315673828125,42310,data/fma_small/042/042310.mp3
3139,6,1,Pop,Experimental,False,0.467529296875,0.01910400390625,0.078369140625,70873,data/fma_small/070/070873.mp3
7396,2,4,Folk,Instrumental,False,0.4658203125,0.07025146484375,0.2109375,140788,data/fma_small/140/140788.mp3
7664,6,3,Pop,Hip-Hop,False,0.46533203125,0.205322265625,0.260009765625,144943,data/fma_small/144/144943.mp3
4138,6,0,Pop,Electronic,False,0.465087890625,0.097412109375,0.33740234375,92124,data/fma_small/092/092124.mp3
856,6,4,Pop,Instrumental,False,0.4638671875,0.034393310546875,0.2041015625,19689,data/fma_small/019/019689.mp3
1465,5,2,International,Folk,False,0.463134765625,0.34716796875,0.115966796875,38777,data/fma_small/038/038777.mp3
4602,0,4,Electronic,Instrumental,False,0.462646484375,0.10113525390625,0.30224609375,105672,data/fma_small/105/105672.mp3
1299,2,4,Folk,Instrumental,False,0.46142578125,0.271240234375,0.190185546875,33049,data/fma_small/033/033049.mp3
3943,6,2,Pop,Folk,False,0.459716796875,0.2352294921875,0.2244873046875,87325,data/fma_small/087/087325.mp3
67,1,0,Experimental,Electronic,False,0.45947265625,0.09478759765625,0.20703125,1075,data/fma_small/001/001075.mp3
7255,3,2,Hip-Hop,Folk,False,0.45947265625,0.056365966796875,0.2060546875,137900,data/fma_small/137/137900.mp3
7970,5,0,International,Electronic,False,0.45947265625,0.0501708984375,0.03369140625,152258,data/fma_small/152/152258.mp3
6042,5,7,International,Rock,False,0.458984375,0.031646728515625,0.246826171875,122901,data/fma_small/122/122901.mp3
2258,5,0,International,Electronic,False,0.458740234375,0.10980224609375,0.26416015625,54476,data/fma_small/054/054476.mp3
898,0,3,Electronic,Hip-Hop,False,0.457763671875,0.332275390625,0.12548828125,21422,data/fma_small/021/021422.mp3
1792,1,7,Experimental,Rock,False,0.455322265625,0.05224609375,0.210693359375,44798,data/fma_small/044/044798.mp3
4700,5,7,International,Rock,False,0.45458984375,0.033111572265625,0.2088623046875,107256,data/fma_small/107/107256.mp3
6524,4,2,Instrumental,Folk,False,0.4541015625,0.320556640625,0.133544921875,127496,data/fma_small/127/127496.mp3
2955,7,2,Rock,Folk,False,0.451904296875,0.141845703125,0.221923828125,67556,data/fma_small/067/067556.mp3
2505,6,1,Pop,Experimental,False,0.45166015625,0.05279541015625,0.18798828125,58170,data/fma_small/058/058170.mp3
2235,6,2,Pop,Folk,False,0.45068359375,0.2110595703125,0.2396240234375,54234,data/fma_small/054/054234.mp3
2912,6,4,Pop,Instrumental,False,0.447265625,0.03265380859375,0.2432861328125,66649,data/fma_small/066/066649.mp3
1852,2,4,Folk,Instrumental,False,0.44677734375,0.1875,0.25927734375,45515,data/fma_small/045/045515.mp3
2627,5,2,International,Folk,False,0.446044921875,0.2340087890625,0.2120361328125,60872,data/fma_small/060/060872.mp3
3955,0,3,Electronic,Hip-Hop,False,0.446044921875,0.3125,0.133544921875,87644,data/fma_small/087/087644.mp3
2788,6,5,Pop,International,False,0.445068359375,0.1708984375,0.2315673828125,64365,data/fma_small/064/064365.mp3
1462,5,3,International,Hip-Hop,False,0.44384765625,0.0841064453125,0.2958984375,38560,data/fma_small/038/038560.mp3
2532,6,7,Pop,Rock,False,0.44384765625,0.1671142578125,0.27685546875,59454,data/fma_small/059/059454.mp3
1931,2,4,Folk,Instrumental,False,0.44384765625,0.2406005859375,0.2032470703125,47662,data/fma_small/047/047662.mp3
6347,6,2,Pop,Folk,False,0.443603515625,0.137939453125,0.3056640625,126400,data/fma_small/126/126400.mp3
2655,6,0,Pop,Electronic,False,0.443115234375,0.15673828125,0.286376953125,61670,data/fma_small/061/061670.mp3
6130,3,4,Hip-Hop,Instrumental,False,0.442626953125,0.033721923828125,0.31396484375,123979,data/fma_small/123/123979.mp3
1133,1,0,Experimental,Electronic,False,0.442626953125,0.040740966796875,0.25439453125,27803,data/fma_small/027/027803.mp3
6931,6,5,Pop,International,False,0.44189453125,0.09539794921875,0.0908203125,132792,data/fma_small/132/132792.mp3
1052,3,0,Hip-Hop,Electronic,False,0.441162109375,0.2021484375,0.239013671875,26011,data/fma_small/026/026011.mp3
3786,1,7,Experimental,Rock,False,0.441162109375,0.3935546875,0.047607421875,85400,data/fma_small/085/085400.mp3
6450,6,2,Pop,Folk,False,0.4404296875,0.27734375,0.1630859375,127180,data/fma_small/127/127180.mp3
1014,1,5,Experimental,International,False,0.440185546875,0.11126708984375,0.284423828125,24983,data/fma_small/024/024983.mp3
7341,1,4,Experimental,Instrumental,False,0.440185546875,0.2099609375,0.230224609375,139637,data/fma_small/139/139637.mp3
7668,2,4,Folk,Instrumental,False,0.43994140625,0.375,0.06494140625,145002,data/fma_small/145/145002.mp3
7168,0,3,Electronic,Hip-Hop,False,0.439697265625,0.247802734375,0.19189453125,135990,data/fma_small/135/135990.mp3
2907,6,5,Pop,International,False,0.439453125,0.167724609375,0.271728515625,66641,data/fma_small/066/066641.mp3
1834,0,3,Electronic,Hip-Hop,False,0.437744140625,0.2125244140625,0.2252197265625,45150,data/fma_small/045/045150.mp3
1553,6,2,Pop,Folk,False,0.4375,0.2010498046875,0.2364501953125,39667,data/fma_small/039/039667.mp3
6118,3,0,Hip-Hop,Electronic,False,0.4375,0.32275390625,0.11474609375,123966,data/fma_small/123/123966.mp3
1591,4,1,Instrumental,Experimental,False,0.43603515625,0.15673828125,0.279296875,40654,data/fma_small/040/040654.mp3
4957,0,3,Electronic,Hip-Hop,False,0.43603515625,0.281982421875,0.154052734375,109925,data/fma_small/109/109925.mp3
4658,7,2,Rock,Folk,False,0.434814453125,0.06085205078125,0.2298583984375,106948,data/fma_small/106/106948.mp3
7281,6,7,Pop,Rock,False,0.434814453125,0.274169921875,0.16064453125,138062,data/fma_small/138/138062.mp3
1974,0,4,Electronic,Instrumental,False,0.433349609375,0.09588623046875,0.2275390625,48463,data/fma_small/048/048463.mp3
1702,5,2,International,Folk,False,0.43310546875,0.1490478515625,0.267333984375,43026,data/fma_small/043/043026.mp3
2691,6,4,Pop,Instrumental,False,0.432861328125,0.098876953125,0.298828125,62448,data/fma_small/062/062448.mp3
1544,6,5,Pop,International,False,0.431884765625,0.160888671875,0.27099609375,39658,data/fma_small/039/039658.mp3
2869,1,4,Experimental,Instrumental,False,0.43115234375,0.198486328125,0.232666015625,65090,data/fma_small/065/065090.mp3
5867,3,1,Hip-Hop,Experimental,False,0.4306640625,0.0262451171875,0.26953125,121313,data/fma_small/121/121313.mp3
1788,1,2,Experimental,Folk,False,0.42919921875,0.06719970703125,0.2462158203125,44794,data/fma_small/044/044794.mp3
2879,6,7,Pop,Rock,False,0.428466796875,0.342041015625,0.08642578125,65756,data/fma_small/065/065756.mp3
1545,6,5,Pop,International,False,0.427734375,0.2138671875,0.2138671875,39659,data/fma_small/039/039659.mp3
3210,7,4,Rock,Instrumental,False,0.427490234375,0.0755615234375,0.310791015625,71938,data/fma_small/071/071938.mp3
6897,1,0,Experimental,Electronic,False,0.42724609375,0.1707763671875,0.13330078125,132272,data/fma_small/132/132272.mp3
5526,0,3,Electronic,Hip-Hop,False,0.426025390625,0.1458740234375,0.2802734375,116239,data/fma_small/116/116239.mp3
7549,4,1,Instrumental,Experimental,False,0.426025390625,0.2325439453125,0.1934814453125,142641,data/fma_small/142/142641.mp3
2586,5,0,International,Electronic,False,0.425537109375,0.1505126953125,0.27490234375,60041,data/fma_small/060/060041.mp3
2220,2,4,Folk,Instrumental,False,0.425537109375,0.263916015625,0.16162109375,54062,data/fma_small/054/054062.mp3
2556,5,2,International,Folk,False,0.425537109375,0.33837890625,0.087158203125,59681,data/fma_small/059/059681.mp3
2535,5,4,International,Instrumental,False,0.42431640625,0.03021240234375,0.157470703125,59581,data/fma_small/059/059581.mp3
1291,3,0,Hip-Hop,Electronic,False,0.421875,0.1248779296875,0.25927734375,32695,data/fma_small/032/032695.mp3
5298,6,5,Pop,International,False,0.421875,0.200439453125,0.221435546875,113934,data/fma_small/113/113934.mp3
6561,6,7,Pop,Rock,False,0.4208984375,0.256103515625,0.164794921875,127914,data/fma_small/127/127914.mp3
2478,3,7,Hip-Hop,Rock,False,0.419677734375,0.020263671875,0.1754150390625,57823,data/fma_small/057/057823.mp3
4466,0,3,Electronic,Hip-Hop,False,0.41650390625,0.414794921875,0.001708984375,99041,data/fma_small/099/099041.mp3
7667,6,3,Pop,Hip-Hop,False,0.414794921875,0.1634521484375,0.25146484375,144946,data/fma_small/144/144946.mp3
4822,6,0,Pop,Electronic,False,0.41357421875,0.232666015625,0.180908203125,108425,data/fma_small/108/108425.mp3
3887,3,0,Hip-Hop,Electronic,False,0.412109375,0.08135986328125,0.2529296875,86679,data/fma_small/086/086679.mp3
3857,1,4,Experimental,Instrumental,False,0.41162109375,0.277099609375,0.134521484375,86077,data/fma_small/086/086077.mp3
464,3,0,Hip-Hop,Electronic,False,0.410888671875,0.218017578125,0.19287109375,10699,data/fma_small/010/010699.mp3
6461,2,6,Folk,Pop,False,0.41064453125,0.08544921875,0.26025390625,127191,data/fma_small/127/127191.mp3
3834,0,4,Electronic,Instrumental,False,0.408935546875,0.1500244140625,0.2548828125,85835,data/fma_small/085/085835.mp3
7447,4,1,Instrumental,Experimental,False,0.408203125,0.373046875,0.03515625,141300,data/fma_small/141/141300.mp3
857,2,4,Folk,Instrumental,False,0.40771484375,0.351806640625,0.055908203125,19707,data/fma_small/019/019707.mp3
2286,6,1,Pop,Experimental,False,0.407470703125,0.0701904296875,0.186767578125,55076,data/fma_small/055/055076.mp3
5100,6,3,Pop,Hip-Hop,False,0.40625,0.12890625,0.1064453125,111371,data/fma_small/111/111371.mp3
5085,4,0,Instrumental,Electronic,False,0.405517578125,0.0626220703125,0.26123046875,111221,data/fma_small/111/111221.mp3
3545,3,0,Hip-Hop,Electronic,False,0.404052734375,0.21826171875,0.185791015625,78847,data/fma_small/078/078847.mp3
2078,6,1,Pop,Experimental,False,0.403564453125,0.09222412109375,0.2568359375,51278,data/fma_small/051/051278.mp3
4657,2,4,Folk,Instrumental,False,0.40283203125,0.244140625,0.15869140625,106937,data/fma_small/106/106937.mp3
5890,4,2,Instrumental,Folk,False,0.402587890625,0.18408203125,0.218505859375,121475,data/fma_small/121/121475.mp3
1402,6,0,Pop,Electronic,False,0.4013671875,0.0753173828125,0.2359619140625,36961,data/fma_small/036/036961.mp3
3352,5,0,International,Electronic,False,0.4013671875,0.0294342041015625,0.019775390625,73777,data/fma_small/073/073777.mp3
6952,0,4,Electronic,Instrumental,False,0.40087890625,0.144775390625,0.228759765625,133028,data/fma_small/133/133028.mp3
1793,1,0,Experimental,Electronic,False,0.400390625,0.0780029296875,0.1651611328125,44799,data/fma_small/044/044799.mp3
4324,3,0,Hip-Hop,Electronic,False,0.400390625,0.326416015625,0.073974609375,97037,data/fma_small/097/097037.mp3
3301,0,4,Electronic,Instrumental,False,0.400146484375,0.374755859375,0.025390625,73367,data/fma_small/073/073367.mp3
3935,6,2,Pop,Folk,False,0.3984375,0.2218017578125,0.1766357421875,87191,data/fma_small/087/087191.mp3
6354,6,7,Pop,Rock,False,0.3974609375,0.287353515625,0.110107421875,126407,data/fma_small/126/126407.mp3
2011,1,7,Experimental,Rock,False,0.3974609375,0.387939453125,0.009521484375,49408,data/fma_small/049/049408.mp3
5678,1,7,Experimental,Rock,False,0.39697265625,0.071044921875,0.15478515625,118489,data/fma_small/118/118489.mp3
2777,1,5,Experimental,International,False,0.396728515625,0.08160400390625,0.1790771484375,64247,data/fma_small/064/064247.mp3
6449,0,5,Electronic,International,False,0.393798828125,0.30029296875,0.093505859375,127159,data/fma_small/127/127159.mp3
860,6,3,Pop,Hip-Hop,False,0.392578125,0.16552734375,0.1932373046875,19758,data/fma_small/019/019758.mp3
210,5,7,International,Rock,False,0.3916015625,0.1241455078125,0.13916015625,4102,data/fma_small/004/004102.mp3
7656,6,3,Pop,Hip-Hop,False,0.390869140625,0.177734375,0.1845703125,144935,data/fma_small/144/144935.mp3
1589,3,0,Hip-Hop,Electronic,False,0.390869140625,0.343994140625,0.046875,40542,data/fma_small/040/040542.mp3
1588,3,0,Hip-Hop,Electronic,False,0.390625,0.34423828125,0.04638671875,40541,data/fma_small/040/040541.mp3
7035,1,0,Experimental,Electronic,False,0.39013671875,0.18017578125,0.2099609375,133916,data/fma_small/133/133916.mp3
839,6,7,Pop,Rock,False,0.389404296875,0.1680908203125,0.1900634765625,19413,data/fma_small/019/019413.mp3
7986,6,7,Pop,Rock,False,0.38916015625,0.302734375,0.08642578125,153955,data/fma_small/153/153955.mp3
3787,6,7,Pop,Rock,False,0.388916015625,0.271484375,0.117431640625,85419,data/fma_small/085/085419.mp3
6054,0,4,Electronic,Instrumental,False,0.388671875,0.1104736328125,0.20703125,123003,data/fma_small/123/123003.mp3
5393,7,4,Rock,Instrumental,False,0.387451171875,0.10540771484375,0.240966796875,114400,data/fma_small/114/114400.mp3
3516,6,3,Pop,Hip-Hop,False,0.387451171875,0.08331298828125,0.074951171875,76129,data/fma_small/076/076129.mp3
532,3,4,Hip-Hop,Instrumental,False,0.38720703125,0.069091796875,0.1434326171875,11784,data/fma_small/011/011784.mp3
3835,0,6,Electronic,Pop,False,0.38671875,0.170166015625,0.216552734375,85836,data/fma_small/085/085836.mp3
4029,1,4,Experimental,Instrumental,False,0.386474609375,0.222412109375,0.1640625,90027,data/fma_small/090/090027.mp3
2588,5,1,International,Experimental,False,0.38623046875,0.1805419921875,0.2056884765625,60045,data/fma_small/060/060045.mp3
4767,5,3,International,Hip-Hop,False,0.38623046875,0.29931640625,0.0869140625,107957,data/fma_small/107/107957.mp3
409,5,0,International,Electronic,False,0.38525390625,0.278564453125,0.106689453125,10186,data/fma_small/010/010186.mp3
1878,1,3,Experimental,Hip-Hop,False,0.385009765625,0.08892822265625,0.2373046875,46611,data/fma_small/046/046611.mp3
4729,2,4,Folk,Instrumental,False,0.384521484375,0.04852294921875,0.1729736328125,107584,data/fma_small/107/107584.mp3
6691,5,3,International,Hip-Hop,False,0.38330078125,0.1695556640625,0.20947265625,129884,data/fma_small/129/129884.mp3
4580,1,2,Experimental,Folk,False,0.3828125,0.2041015625,0.150390625,104725,data/fma_small/104/104725.mp3
3479,7,5,Rock,International,False,0.38232421875,0.05145263671875,0.188232421875,75785,data/fma_small/075/075785.mp3
6019,4,7,Instrumental,Rock,False,0.3818359375,0.09423828125,0.0634765625,122648,data/fma_small/122/122648.mp3
5583,4,1,Instrumental,Experimental,False,0.381103515625,0.1834716796875,0.1976318359375,116758,data/fma_small/116/116758.mp3
4607,3,1,Hip-Hop,Experimental,False,0.381103515625,0.046295166015625,0.1837158203125,105685,data/fma_small/105/105685.mp3
5307,0,4,Electronic,Instrumental,False,0.38037109375,0.10650634765625,0.2301025390625,113973,data/fma_small/113/113973.mp3
1426,6,0,Pop,Electronic,False,0.379638671875,0.1920166015625,0.1876220703125,37324,data/fma_small/037/037324.mp3
1205,1,0,Experimental,Electronic,False,0.37890625,0.12353515625,0.2344970703125,29744,data/fma_small/029/029744.mp3
4830,6,5,Pop,International,False,0.378662109375,0.2005615234375,0.1781005859375,108460,data/fma_small/108/108460.mp3
7800,1,6,Experimental,Pop,False,0.3759765625,0.03729248046875,0.1976318359375,147085,data/fma_small/147/147085.mp3
4960,6,1,Pop,Experimental,False,0.3759765625,0.08062744140625,0.170654296875,109960,data/fma_small/109/109960.mp3
5240,5,0,International,Electronic,False,0.374755859375,0.2239990234375,0.1507568359375,113265,data/fma_small/113/113265.mp3
2386,3,5,Hip-Hop,International,False,0.37353515625,0.155517578125,0.218017578125,56496,data/fma_small/056/056496.mp3
45,2,1,Folk,Experimental,False,0.373046875,0.1151123046875,0.1854248046875,714,data/fma_small/000/000714.mp3
3864,1,5,Experimental,International,False,0.37255859375,0.155517578125,0.2122802734375,86140,data/fma_small/086/086140.mp3
7555,3,0,Hip-Hop,Electronic,False,0.372314453125,0.239501953125,0.1328125,142672,data/fma_small/142/142672.mp3
6929,6,5,Pop,International,False,0.3701171875,0.2086181640625,0.1614990234375,132790,data/fma_small/132/132790.mp3
7562,0,3,Electronic,Hip-Hop,False,0.36962890625,0.242919921875,0.126708984375,143055,data/fma_small/143/143055.mp3
2818,3,5,Hip-Hop,International,False,0.369140625,0.068603515625,0.1458740234375,64625,data/fma_small/064/064625.mp3
3260,7,2,Rock,Folk,False,0.368896484375,0.17138671875,0.118896484375,72738,data/fma_small/072/072738.mp3
4115,0,1,Electronic,Experimental,False,0.36865234375,0.263427734375,0.105224609375,91624,data/fma_small/091/091624.mp3
5781,1,0,Experimental,Electronic,False,0.3681640625,0.11944580078125,0.22021484375,120160,data/fma_small/120/120160.mp3
3776,6,2,Pop,Folk,False,0.367431640625,0.261474609375,0.10595703125,85307,data/fma_small/085/085307.mp3
3698,6,2,Pop,Folk,False,0.367431640625,0.109130859375,0.088134765625,83507,data/fma_small/083/083507.mp3
566,2,1,Folk,Experimental,False,0.367431640625,0.1719970703125,0.014404296875,12047,data/fma_small/012/012047.mp3
4373,0,5,Electronic,International,False,0.365478515625,0.0771484375,0.2034912109375,97940,data/fma_small/097/097940.mp3
5455,0,4,Electronic,Instrumental,False,0.365234375,0.20556640625,0.15966796875,115339,data/fma_small/115/115339.mp3
509,5,1,International,Experimental,False,0.365234375,0.25048828125,0.11474609375,11682,data/fma_small/011/011682.mp3
6000,7,2,Rock,Folk,False,0.36474609375,0.202880859375,0.161865234375,122620,data/fma_small/122/122620.mp3
7274,6,7,Pop,Rock,False,0.36376953125,0.331298828125,0.032470703125,138038,data/fma_small/138/138038.mp3
1986,2,3,Folk,Hip-Hop,False,0.363525390625,0.050048828125,0.2093505859375,48815,data/fma_small/048/048815.mp3
5883,0,6,Electronic,Pop,False,0.36328125,0.04736328125,0.1986083984375,121451,data/fma_small/121/121451.mp3
714,7,6,Rock,Pop,False,0.363037109375,0.237060546875,0.1064453125,14653,data/fma_small/014/014653.mp3
284,5,2,International,Folk,False,0.362548828125,0.29638671875,0.066162109375,6373,data/fma_small/006/006373.mp3
2222,2,4,Folk,Instrumental,False,0.3623046875,0.329833984375,0.032470703125,54064,data/fma_small/054/054064.mp3
7473,7,1,Rock,Experimental,False,0.36083984375,0.1295166015625,0.07421875,141877,data/fma_small/141/141877.mp3
1886,6,7,Pop,Rock,False,0.36083984375,0.296630859375,0.064208984375,46736,data/fma_small/046/046736.mp3
7903,6,7,Pop,Rock,False,0.35986328125,0.32470703125,0.03515625,148613,data/fma_small/148/148613.mp3
6905,2,4,Folk,Instrumental,False,0.359619140625,0.1524658203125,0.1865234375,132453,data/fma_small/132/132453.mp3
7968,5,4,International,Instrumental,False,0.359375,0.06085205078125,0.1719970703125,152253,data/fma_small/152/152253.mp3
1429,6,2,Pop,Folk,False,0.359375,0.1512451171875,0.060546875,37369,data/fma_small/037/037369.mp3
7048,4,6,Instrumental,Pop,False,0.359130859375,0.11175537109375,0.1827392578125,133977,data/fma_small/133/133977.mp3
993,5,1,International,Experimental,False,0.3583984375,0.255859375,0.1025390625,24701,data/fma_small/024/024701.mp3
1605,7,2,Rock,Folk,False,0.357666015625,0.06512451171875,0.1419677734375,40903,data/fma_small/040/040903.mp3
2082,1,4,Experimental,Instrumental,False,0.35693359375,0.2626953125,0.09423828125,51305,data/fma_small/051/051305.mp3
468,6,0,Pop,Electronic,False,0.35595703125,0.1793212890625,0.1766357421875,10808,data/fma_small/010/010808.mp3
5388,7,6,Rock,Pop,False,0.35498046875,0.11883544921875,0.2025146484375,114395,data/fma_small/114/114395.mp3
4684,5,0,International,Electronic,False,0.35498046875,0.132080078125,0.17041015625,107178,data/fma_small/107/107178.mp3
6661,5,6,International,Pop,False,0.354248046875,0.1405029296875,0.2137451171875,129402,data/fma_small/129/129402.mp3
6722,0,4,Electronic,Instrumental,False,0.35400390625,0.1927490234375,0.1612548828125,130133,data/fma_small/130/130133.mp3
6505,6,7,Pop,Rock,False,0.353759765625,0.281982421875,0.07177734375,127302,data/fma_small/127/127302.mp3
7682,4,1,Instrumental,Experimental,False,0.353515625,0.0789794921875,0.1201171875,145183,data/fma_small/145/145183.mp3
976,3,0,Hip-Hop,Electronic,False,0.352294921875,0.1485595703125,0.2037353515625,24423,data/fma_small/024/024423.mp3
5701,0,4,Electronic,Instrumental,False,0.352294921875,0.058624267578125,0.1976318359375,118920,data/fma_small/118/118920.mp3
3780,6,4,Pop,Instrumental,False,0.35205078125,0.1685791015625,0.16552734375,85311,data/fma_small/085/085311.mp3
6963,1,4,Experimental,Instrumental,False,0.35205078125,0.2342529296875,0.1177978515625,133332,data/fma_small/133/133332.mp3
5823,4,0,Instrumental,Electronic,False,0.35205078125,0.111328125,0.07958984375,120320,data/fma_small/120/120320.mp3
1269,6,5,Pop,International,False,0.351806640625,0.1357421875,0.1640625,32330,data/fma_small/032/032330.mp3
655,0,3,Electronic,Hip-Hop,False,0.351806640625,0.2420654296875,0.1097412109375,13668,data/fma_small/013/013668.mp3
2741,4,1,Instrumental,Experimental,False,0.351318359375,0.212646484375,0.138671875,63289,data/fma_small/063/063289.mp3
7877,6,7,Pop,Rock,False,0.351318359375,0.337890625,0.013427734375,148510,data/fma_small/148/148510.mp3
2426,0,4,Electronic,Instrumental,False,0.35107421875,0.114501953125,0.080322265625,56802,data/fma_small/056/056802.mp3
4916,4,1,Instrumental,Experimental,False,0.3505859375,0.225341796875,0.125244140625,109191,data/fma_small/109/109191.mp3
3898,0,6,Electronic,Pop,False,0.350341796875,0.29296875,0.057373046875,86793,data/fma_small/086/086793.mp3
7801,1,0,Experimental,Electronic,False,0.349609375,0.04547119140625,0.10595703125,147086,data/fma_small/147/147086.mp3
2092,2,7,Folk,Rock,False,0.348876953125,0.1669921875,0.02978515625,51919,data/fma_small/051/051919.mp3
396,7,6,Rock,Pop,False,0.348876953125,0.334228515625,0.0146484375,9550,data/fma_small/009/009550.mp3
2020,2,4,Folk,Instrumental,False,0.3486328125,0.271240234375,0.077392578125,49842,data/fma_small/049/049842.mp3
4379,3,5,Hip-Hop,International,False,0.347900390625,0.11761474609375,0.179443359375,97980,data/fma_small/097/097980.mp3
205,5,7,International,Rock,False,0.347900390625,0.140380859375,0.1258544921875,4097,data/fma_small/004/004097.mp3
5176,0,6,Electronic,Pop,False,0.347900390625,0.24951171875,0.098388671875,112490,data/fma_small/112/112490.mp3
1143,5,4,International,Instrumental,False,0.34765625,0.05084228515625,0.1343994140625,27981,data/fma_small/027/027981.mp3
5070,4,0,Instrumental,Electronic,False,0.34716796875,0.20849609375,0.138671875,111015,data/fma_small/111/111015.mp3
1567,1,7,Experimental,Rock,False,0.344482421875,0.106201171875,0.1561279296875,40182,data/fma_small/040/040182.mp3
5211,6,0,Pop,Electronic,False,0.34326171875,0.1683349609375,0.148681640625,113021,data/fma_small/113/113021.mp3
6025,4,0,Instrumental,Electronic,False,0.342529296875,0.2197265625,0.122802734375,122673,data/fma_small/122/122673.mp3
1593,4,1,Instrumental,Experimental,False,0.341796875,0.11932373046875,0.194091796875,40656,data/fma_small/040/040656.mp3
1093,0,7,Electronic,Rock,False,0.34130859375,0.073486328125,0.1029052734375,26658,data/fma_small/026/026658.mp3
199,5,6,International,Pop,False,0.34033203125,0.1090087890625,0.083251953125,4091,data/fma_small/004/004091.mp3
934,6,7,Pop,Rock,False,0.340087890625,0.249755859375,0.09033203125,22476,data/fma_small/022/022476.mp3
3793,6,7,Pop,Rock,False,0.340087890625,0.285888671875,0.05419921875,85425,data/fma_small/085/085425.mp3
1997,6,1,Pop,Experimental,False,0.33935546875,0.140625,0.1522216796875,49039,data/fma_small/049/049039.mp3
1278,6,2,Pop,Folk,False,0.33935546875,0.2169189453125,0.1224365234375,32339,data/fma_small/032/032339.mp3
7205,4,1,Instrumental,Experimental,False,0.3388671875,0.312255859375,0.026611328125,137169,data/fma_small/137/137169.mp3
1592,4,1,Instrumental,Experimental,False,0.338623046875,0.2449951171875,0.0936279296875,40655,data/fma_small/040/040655.mp3
959,1,4,Experimental,Instrumental,False,0.337890625,0.169677734375,0.1590576171875,24216,data/fma_small/024/024216.mp3
1944,6,0,Pop,Electronic,False,0.337646484375,0.2386474609375,0.0989990234375,47896,data/fma_small/047/047896.mp3
221,5,1,International,Experimental,False,0.33740234375,0.2337646484375,0.1036376953125,4508,data/fma_small/004/004508.mp3
918,6,7,Pop,Rock,False,0.336669921875,0.208984375,0.127685546875,22001,data/fma_small/022/022001.mp3
945,7,2,Rock,Folk,False,0.336181640625,0.1627197265625,0.0712890625,23037,data/fma_small/023/023037.mp3
7826,5,0,International,Electronic,False,0.334228515625,0.1162109375,0.128173828125,148075,data/fma_small/148/148075.mp3
7947,1,7,Experimental,Rock,False,0.333984375,0.09552001953125,0.068603515625,149842,data/fma_small/149/149842.mp3
7243,7,1,Rock,Experimental,False,0.333740234375,0.283203125,0.050537109375,137719,data/fma_small/137/137719.mp3
3071,7,2,Rock,Folk,False,0.332275390625,0.07745361328125,0.17529296875,69723,data/fma_small/069/069723.mp3
7899,6,7,Pop,Rock,False,0.33154296875,0.26708984375,0.064453125,148609,data/fma_small/148/148609.mp3
2276,6,4,Pop,Instrumental,False,0.331298828125,0.1246337890625,0.1650390625,54664,data/fma_small/054/054664.mp3
5321,3,5,Hip-Hop,International,False,0.330810546875,0.165283203125,0.109619140625,114051,data/fma_small/114/114051.mp3
2957,7,2,Rock,Folk,False,0.330322265625,0.11962890625,0.140869140625,67558,data/fma_small/067/067558.mp3
5243,5,4,International,Instrumental,False,0.330078125,0.03997802734375,0.102783203125,113268,data/fma_small/113/113268.mp3
1909,1,4,Experimental,Instrumental,False,0.32958984375,0.1944580078125,0.1351318359375,47192,data/fma_small/047/047192.mp3
1763,3,0,Hip-Hop,Electronic,False,0.32958984375,0.07415771484375,0.13037109375,43868,data/fma_small/043/043868.mp3
1040,5,0,International,Electronic,False,0.329345703125,0.08392333984375,0.1968994140625,25609,data/fma_small/025/025609.mp3
2499,2,7,Folk,Rock,False,0.3291015625,0.0233612060546875,0.07861328125,58140,data/fma_small/058/058140.mp3
1835,0,6,Electronic,Pop,False,0.328857421875,0.234375,0.094482421875,45151,data/fma_small/045/045151.mp3
2069,6,4,Pop,Instrumental,False,0.328369140625,0.2158203125,0.112548828125,51267,data/fma_small/051/051267.mp3
2373,6,7,Pop,Rock,False,0.327880859375,0.275634765625,0.05224609375,56275,data/fma_small/056/056275.mp3
7352,4,0,Instrumental,Electronic,False,0.3271484375,0.09210205078125,0.1407470703125,139774,data/fma_small/139/139774.mp3
1847,7,6,Rock,Pop,False,0.326171875,0.315185546875,0.010986328125,45474,data/fma_small/045/045474.mp3
6665,5,3,International,Hip-Hop,False,0.325439453125,0.2958984375,0.029541015625,129406,data/fma_small/129/129406.mp3
7898,6,7,Pop,Rock,False,0.325439453125,0.30859375,0.016845703125,148608,data/fma_small/148/148608.mp3
1264,6,3,Pop,Hip-Hop,False,0.3251953125,0.1380615234375,0.1197509765625,32325,data/fma_small/032/032325.mp3
6466,6,2,Pop,Folk,False,0.324951171875,0.260009765625,0.06494140625,127204,data/fma_small/127/127204.mp3
5250,5,2,International,Folk,False,0.321533203125,0.0234222412109375,0.062255859375,113275,data/fma_small/113/113275.mp3
4998,3,5,Hip-Hop,International,False,0.3212890625,0.255615234375,0.065673828125,110260,data/fma_small/110/110260.mp3
2040,7,2,Rock,Folk,False,0.3212890625,0.053253173828125,0.0380859375,50449,data/fma_small/050/050449.mp3
6520,1,4,Experimental,Instrumental,False,0.32080078125,0.10894775390625,0.11669921875,127469,data/fma_small/127/127469.mp3
1347,2,6,Folk,Pop,False,0.3193359375,0.23876953125,0.08056640625,35443,data/fma_small/035/035443.mp3
6537,4,2,Instrumental,Folk,False,0.318603515625,0.2271728515625,0.0914306640625,127660,data/fma_small/127/127660.mp3
1799,6,4,Pop,Instrumental,False,0.318603515625,0.2454833984375,0.0731201171875,44805,data/fma_small/044/044805.mp3
7836,4,0,Instrumental,Electronic,False,0.31787109375,0.192626953125,0.125244140625,148120,data/fma_small/148/148120.mp3
2359,1,6,Experimental,Pop,False,0.3173828125,0.045501708984375,0.123291015625,56015,data/fma_small/056/056015.mp3
2266,5,1,International,Experimental,False,0.3173828125,0.0770263671875,0.1083984375,54570,data/fma_small/054/054570.mp3
4106,7,2,Rock,Folk,False,0.317138671875,0.2188720703125,0.0701904296875,91458,data/fma_small/091/091458.mp3
2417,5,0,International,Electronic,False,0.316650390625,0.051910400390625,0.140380859375,56695,data/fma_small/056/056695.mp3
79,1,6,Experimental,Pop,False,0.316162109375,0.07427978515625,0.16943359375,1276,data/fma_small/001/001276.mp3
6531,1,0,Experimental,Electronic,False,0.316162109375,0.309814453125,0.00634765625,127541,data/fma_small/127/127541.mp3
203,5,2,International,Folk,False,0.31591796875,0.032806396484375,0.05712890625,4095,data/fma_small/004/004095.mp3
831,7,6,Rock,Pop,False,0.31494140625,0.2203369140625,0.0946044921875,18887,data/fma_small/018/018887.mp3
5732,1,0,Experimental,Electronic,False,0.314697265625,0.2054443359375,0.1092529296875,119545,data/fma_small/119/119545.mp3
6026,4,6,Instrumental,Pop,False,0.314453125,0.10308837890625,0.058837890625,122675,data/fma_small/122/122675.mp3
970,5,2,International,Folk,False,0.314208984375,0.2359619140625,0.0782470703125,24370,data/fma_small/024/024370.mp3
4245,3,1,Hip-Hop,Experimental,False,0.313720703125,0.1162109375,0.112060546875,94449,data/fma_small/094/094449.mp3
3883,1,7,Experimental,Rock,False,0.313720703125,0.11688232421875,0.091796875,86576,data/fma_small/086/086576.mp3
3888,3,6,Hip-Hop,Pop,False,0.313232421875,0.042755126953125,0.011962890625,86680,data/fma_small/086/086680.mp3
7224,7,6,Rock,Pop,False,0.31298828125,0.15869140625,0.154296875,137426,data/fma_small/137/137426.mp3
7457,3,6,Hip-Hop,Pop,False,0.3125,0.068115234375,0.1209716796875,141568,data/fma_small/141/141568.mp3
6527,4,2,Instrumental,Folk,False,0.3125,0.206298828125,0.106201171875,127499,data/fma_small/127/127499.mp3
1939,6,0,Pop,Electronic,False,0.312255859375,0.25537109375,0.056884765625,47835,data/fma_small/047/047835.mp3
5237,5,6,International,Pop,False,0.3115234375,0.12237548828125,0.123779296875,113262,data/fma_small/113/113262.mp3
3314,4,6,Instrumental,Pop,False,0.311279296875,0.149169921875,0.1094970703125,73495,data/fma_small/073/073495.mp3
307,2,6,Folk,Pop,False,0.311279296875,0.283447265625,0.02783203125,6463,data/fma_small/006/006463.mp3
7574,1,6,Experimental,Pop,False,0.31103515625,0.0711669921875,0.166748046875,143186,data/fma_small/143/143186.mp3
3899,7,6,Rock,Pop,False,0.31005859375,0.1331787109375,0.031494140625,86795,data/fma_small/086/086795.mp3
6506,6,2,Pop,Folk,False,0.3095703125,0.20947265625,0.042236328125,127303,data/fma_small/127/127303.mp3
1047,5,0,International,Electronic,False,0.309326171875,0.1400146484375,0.1357421875,25802,data/fma_small/025/025802.mp3
463,3,0,Hip-Hop,Electronic,False,0.30908203125,0.20361328125,0.10546875,10698,data/fma_small/010/010698.mp3
7129,2,5,Folk,International,False,0.30908203125,0.20654296875,0.1025390625,135028,data/fma_small/135/135028.mp3
5680,1,2,Experimental,Folk,False,0.308837890625,0.115966796875,0.11767578125,118498,data/fma_small/118/118498.mp3
1640,5,3,International,Hip-Hop,False,0.308837890625,0.286376953125,0.0224609375,42017,data/fma_small/042/042017.mp3
5909,4,1,Instrumental,Experimental,False,0.30859375,0.194580078125,0.114013671875,121661,data/fma_small/121/121661.mp3
6601,1,0,Experimental,Electronic,False,0.30859375,0.1383056640625,0.01171875,128835,data/fma_small/128/128835.mp3
6396,7,5,Rock,International,False,0.308349609375,0.0784912109375,0.1378173828125,126598,data/fma_small/126/126598.mp3
2931,0,3,Electronic,Hip-Hop,False,0.30810546875,0.264404296875,0.043701171875,67308,data/fma_small/067/067308.mp3
1627,1,5,Experimental,International,False,0.307861328125,0.05767822265625,0.049560546875,41709,data/fma_small/041/041709.mp3
3463,3,5,Hip-Hop,International,False,0.307373046875,0.0699462890625,0.10302734375,75745,data/fma_small/075/075745.mp3
1539,1,7,Experimental,Rock,False,0.30712890625,0.1343994140625,0.0992431640625,39484,data/fma_small/039/039484.mp3
2871,1,7,Experimental,Rock,False,0.30712890625,0.09564208984375,0.0302734375,65265,data/fma_small/065/065265.mp3
943,2,6,Folk,Pop,False,0.306884765625,0.268798828125,0.0380859375,23015,data/fma_small/023/023015.mp3
5032,4,2,Instrumental,Folk,False,0.3056640625,0.187255859375,0.118408203125,110648,data/fma_small/110/110648.mp3
189,5,6,International,Pop,False,0.30517578125,0.2081298828125,0.0970458984375,4071,data/fma_small/004/004071.mp3
2503,6,0,Pop,Electronic,False,0.304931640625,0.11785888671875,0.1392822265625,58166,data/fma_small/058/058166.mp3
1216,3,0,Hip-Hop,Electronic,False,0.3046875,0.1832275390625,0.1214599609375,30041,data/fma_small/030/030041.mp3
4959,6,1,Pop,Experimental,False,0.3037109375,0.130615234375,0.13134765625,109958,data/fma_small/109/109958.mp3
1596,4,5,Instrumental,International,False,0.3037109375,0.053619384765625,0.1077880859375,40659,data/fma_small/040/040659.mp3
6241,1,2,Experimental,Folk,False,0.30322265625,0.1868896484375,0.0811767578125,125337,data/fma_small/125/125337.mp3
7507,3,1,Hip-Hop,Experimental,False,0.302734375,0.1248779296875,0.1583251953125,142362,data/fma_small/142/142362.mp3
5099,6,1,Pop,Experimental,False,0.30224609375,0.1605224609375,0.1221923828125,111368,data/fma_small/111/111368.mp3
4868,0,1,Electronic,Experimental,False,0.30224609375,0.226318359375,0.005615234375,108532,data/fma_small/108/108532.mp3
1791,1,6,Experimental,Pop,False,0.301025390625,0.06365966796875,0.1231689453125,44797,data/fma_small/044/044797.mp3
1678,7,5,Rock,International,False,0.300537109375,0.11181640625,0.044189453125,42442,data/fma_small/042/042442.mp3
71,7,4,Rock,Instrumental,False,0.300048828125,0.061248779296875,0.13525390625,1102,data/fma_small/001/001102.mp3
4073,6,0,Pop,Electronic,False,0.300048828125,0.1724853515625,0.1275634765625,91157,data/fma_small/091/091157.mp3
2735,2,4,Folk,Instrumental,False,0.300048828125,0.1734619140625,0.0794677734375,63252,data/fma_small/063/063252.mp3
1212,7,0,Rock,Electronic,False,0.2998046875,0.04730224609375,0.1162109375,29813,data/fma_small/029/029813.mp3
2738,2,7,Folk,Rock,False,0.29931640625,0.09197998046875,0.1014404296875,63257,data/fma_small/063/063257.mp3
2124,6,1,Pop,Experimental,False,0.298828125,0.1097412109375,0.0755615234375,52375,data/fma_small/052/052375.mp3
6414,7,6,Rock,Pop,False,0.29833984375,0.1180419921875,0.1002197265625,126674,data/fma_small/126/126674.mp3
4444,3,6,Hip-Hop,Pop,False,0.297119140625,0.112060546875,0.1422119140625,98621,data/fma_small/098/098621.mp3
2125,6,1,Pop,Experimental,False,0.296630859375,0.09130859375,0.013916015625,52380,data/fma_small/052/052380.mp3
7055,2,7,Folk,Rock,False,0.29638671875,0.08203125,0.098876953125,134077,data/fma_small/134/134077.mp3
209,5,2,International,Folk,False,0.296142578125,0.0887451171875,0.0740966796875,4101,data/fma_small/004/004101.mp3
1661,1,2,Experimental,Folk,False,0.2958984375,0.1365966796875,0.04248046875,42146,data/fma_small/042/042146.mp3
6713,7,0,Rock,Electronic,False,0.294921875,0.0728759765625,0.0531005859375,129972,data/fma_small/129/129972.mp3
5843,0,7,Electronic,Rock,False,0.294189453125,0.080322265625,0.0445556640625,120471,data/fma_small/120/120471.mp3
5724,1,2,Experimental,Folk,False,0.29052734375,0.105224609375,0.097900390625,119118,data/fma_small/119/119118.mp3
6922,6,5,Pop,International,False,0.29052734375,0.2113037109375,0.06201171875,132779,data/fma_small/132/132779.mp3
1517,1,3,Experimental,Hip-Hop,False,0.29052734375,0.125244140625,0.052978515625,38908,data/fma_small/038/038908.mp3
1548,6,5,Pop,International,False,0.289794921875,0.205810546875,0.083984375,39662,data/fma_small/039/039662.mp3
1814,5,3,International,Hip-Hop,False,0.289794921875,0.26953125,0.020263671875,44946,data/fma_small/044/044946.mp3
4967,6,1,Pop,Experimental,False,0.289306640625,0.12158203125,0.057373046875,109975,data/fma_small/109/109975.mp3
6340,4,1,Instrumental,Experimental,False,0.2890625,0.06353759765625,0.099365234375,126319,data/fma_small/126/126319.mp3
5117,6,0,Pop,Electronic,False,0.288818359375,0.1976318359375,0.03955078125,111394,data/fma_small/111/111394.mp3
3926,0,5,Electronic,International,False,0.287841796875,0.2220458984375,0.0657958984375,87159,data/fma_small/087/087159.mp3
4130,1,2,Experimental,Folk,False,0.287841796875,0.22412109375,0.063720703125,91900,data/fma_small/091/091900.mp3
693,4,2,Instrumental,Folk,False,0.285888671875,0.2037353515625,0.0821533203125,14569,data/fma_small/014/014569.mp3
3636,4,0,Instrumental,Electronic,False,0.285400390625,0.2144775390625,0.0709228515625,81555,data/fma_small/081/081555.mp3
399,7,6,Rock,Pop,False,0.283935546875,0.2420654296875,0.0087890625,9557,data/fma_small/009/009557.mp3
902,6,7,Pop,Rock,False,0.28369140625,0.23583984375,0.0478515625,21672,data/fma_small/021/021672.mp3
1756,3,4,Hip-Hop,Instrumental,False,0.28369140625,0.11798095703125,0.011962890625,43859,data/fma_small/043/043859.mp3
4536,5,2,International,Folk,False,0.283203125,0.2578125,0.025390625,101119,data/fma_small/101/101119.mp3
2650,6,7,Pop,Rock,False,0.282958984375,0.24072265625,0.042236328125,61587,data/fma_small/061/061587.mp3
7221,7,6,Rock,Pop,False,0.282958984375,0.24169921875,0.041259765625,137423,data/fma_small/137/137423.mp3
722,7,6,Rock,Pop,False,0.2822265625,0.074462890625,0.105224609375,14735,data/fma_small/014/014735.mp3
7580,7,6,Rock,Pop,False,0.28173828125,0.05194091796875,0.0841064453125,143219,data/fma_small/143/143219.mp3
7792,1,6,Experimental,Pop,False,0.28173828125,0.064453125,0.0577392578125,146988,data/fma_small/146/146988.mp3
6755,2,1,Folk,Experimental,False,0.28125,0.275634765625,0.005615234375,130758,data/fma_small/130/130758.mp3
6814,6,7,Pop,Rock,False,0.27978515625,0.261474609375,0.018310546875,131454,data/fma_small/131/131454.mp3
1175,0,3,Electronic,Hip-Hop,False,0.279052734375,0.217529296875,0.0615234375,29043,data/fma_small/029/029043.mp3
5978,7,6,Rock,Pop,False,0.278564453125,0.215576171875,0.00048828125,122395,data/fma_small/122/122395.mp3
7115,5,0,International,Electronic,False,0.278076171875,0.08489990234375,0.0638427734375,134942,data/fma_small/134/134942.mp3
7528,6,0,Pop,Electronic,False,0.277099609375,0.264404296875,0.0126953125,142549,data/fma_small/142/142549.mp3
3553,1,2,Experimental,Folk,False,0.276611328125,0.1722412109375,0.001953125,79087,data/fma_small/079/079087.mp3
5436,4,1,Instrumental,Experimental,False,0.275634765625,0.2237548828125,0.0518798828125,115002,data/fma_small/115/115002.mp3
7758,4,6,Instrumental,Pop,False,0.275390625,0.0648193359375,0.1102294921875,146018,data/fma_small/146/146018.mp3
2306,5,0,International,Electronic,False,0.27490234375,0.145751953125,0.107421875,55236,data/fma_small/055/055236.mp3
7150,6,4,Pop,Instrumental,False,0.2744140625,0.2264404296875,0.023193359375,135338,data/fma_small/135/135338.mp3
408,7,6,Rock,Pop,False,0.274169921875,0.08697509765625,0.0953369140625,9962,data/fma_small/009/009962.mp3
4473,0,5,Electronic,International,False,0.274169921875,0.208251953125,0.06591796875,99261,data/fma_small/099/099261.mp3
200,5,7,International,Rock,False,0.273681640625,0.1754150390625,0.051513671875,4092,data/fma_small/004/004092.mp3
4170,1,4,Experimental,Instrumental,False,0.27294921875,0.2093505859375,0.0635986328125,92872,data/fma_small/092/092872.mp3
2940,6,2,Pop,Folk,False,0.272705078125,0.14453125,0.0601806640625,67359,data/fma_small/067/067359.mp3
3236,0,2,Electronic,Folk,False,0.272705078125,0.040557861328125,0.010986328125,72200,data/fma_small/072/072200.mp3
3691,4,7,Instrumental,Rock,False,0.271728515625,0.1585693359375,0.030029296875,82930,data/fma_small/082/082930.mp3
5254,5,2,International,Folk,False,0.271484375,0.013031005859375,0.032470703125,113279,data/fma_small/113/113279.mp3
2379,5,2,International,Folk,False,0.271240234375,0.07025146484375,0.097900390625,56469,data/fma_small/056/056469.mp3
7577,7,4,Rock,Instrumental,False,0.271240234375,0.1556396484375,0.05712890625,143216,data/fma_small/143/143216.mp3
6673,3,1,Hip-Hop,Experimental,False,0.270263671875,0.1793212890625,0.067626953125,129674,data/fma_small/129/129674.mp3
3839,0,4,Electronic,Instrumental,False,0.27001953125,0.200927734375,0.069091796875,85840,data/fma_small/085/085840.mp3
779,7,2,Rock,Folk,False,0.27001953125,0.1298828125,0.0504150390625,16995,data/fma_small/016/016995.mp3
3929,6,2,Pop,Folk,False,0.26953125,0.2388916015625,0.0306396484375,87185,data/fma_small/087/087185.mp3
6654,5,3,International,Hip-Hop,False,0.269287109375,0.1717529296875,0.056884765625,129395,data/fma_small/129/129395.mp3
1836,0,3,Electronic,Hip-Hop,False,0.269287109375,0.226318359375,0.04296875,45152,data/fma_small/045/045152.mp3
5418,0,6,Electronic,Pop,False,0.268798828125,0.148681640625,0.0413818359375,114544,data/fma_small/114/114544.mp3
2934,6,2,Pop,Folk,False,0.268798828125,0.1182861328125,0.016845703125,67332,data/fma_small/067/067332.mp3
6195,0,6,Electronic,Pop,False,0.2685546875,0.1553955078125,0.1068115234375,124918,data/fma_small/124/124918.mp3
3371,1,6,Experimental,Pop,False,0.268310546875,0.055633544921875,0.047119140625,74373,data/fma_small/074/074373.mp3
2654,3,6,Hip-Hop,Pop,False,0.26806640625,0.17333984375,0.07666015625,61668,data/fma_small/061/061668.mp3
5741,1,2,Experimental,Folk,False,0.267333984375,0.16162109375,0.0537109375,119583,data/fma_small/119/119583.mp3
2482,1,5,Experimental,International,False,0.26708984375,0.0638427734375,0.035888671875,57937,data/fma_small/057/057937.mp3
3117,0,6,Electronic,Pop,False,0.266845703125,0.1365966796875,0.108154296875,70300,data/fma_small/070/070300.mp3
4840,4,1,Instrumental,Experimental,False,0.266845703125,0.220458984375,0.04638671875,108478,data/fma_small/108/108478.mp3
3062,0,6,Electronic,Pop,False,0.266357421875,0.1856689453125,0.0806884765625,69223,data/fma_small/069/069223.mp3
6297,4,7,Instrumental,Rock,False,0.26611328125,0.055023193359375,0.0294189453125,126182,data/fma_small/126/126182.mp3
3761,6,0,Pop,Electronic,False,0.265625,0.2098388671875,0.0557861328125,84605,data/fma_small/084/084605.mp3
2204,5,7,International,Rock,False,0.265625,0.258056640625,0.007568359375,53726,data/fma_small/053/053726.mp3
6362,4,2,Instrumental,Folk,False,0.26416015625,0.1549072265625,0.0377197265625,126415,data/fma_small/126/126415.mp3
6735,6,7,Pop,Rock,False,0.262451171875,0.1954345703125,0.0670166015625,130369,data/fma_small/130/130369.mp3
739,1,4,Experimental,Instrumental,False,0.262451171875,0.248046875,0.0107421875,15471,data/fma_small/015/015471.mp3
6464,2,6,Folk,Pop,False,0.260986328125,0.2332763671875,0.0277099609375,127194,data/fma_small/127/127194.mp3
2476,3,0,Hip-Hop,Electronic,False,0.2607421875,0.13623046875,0.0916748046875,57821,data/fma_small/057/057821.mp3
1048,5,6,International,Pop,False,0.260009765625,0.17578125,0.0498046875,25804,data/fma_small/025/025804.mp3
699,4,6,Instrumental,Pop,False,0.2587890625,0.16162109375,0.0791015625,14578,data/fma_small/014/014578.mp3
2248,5,0,International,Electronic,False,0.258544921875,0.1282958984375,0.09375,54443,data/fma_small/054/054443.mp3
4143,5,2,International,Folk,False,0.258056640625,0.1866455078125,0.04052734375,92206,data/fma_small/092/092206.mp3
4041,6,1,Pop,Experimental,False,0.2578125,0.107666015625,0.0404052734375,90589,data/fma_small/090/090589.mp3
7648,0,6,Electronic,Pop,False,0.257080078125,0.0634765625,0.0770263671875,144733,data/fma_small/144/144733.mp3
5816,4,7,Instrumental,Rock,False,0.2568359375,0.08514404296875,0.0245361328125,120313,data/fma_small/120/120313.mp3
1013,1,2,Experimental,Folk,False,0.256103515625,0.141357421875,0.093994140625,24975,data/fma_small/024/024975.mp3
198,5,7,International,Rock,False,0.254638671875,0.18212890625,0.072509765625,4080,data/fma_small/004/004080.mp3
4542,1,3,Experimental,Hip-Hop,False,0.254638671875,0.2213134765625,0.0333251953125,102092,data/fma_small/102/102092.mp3
4696,5,7,International,Rock,False,0.254150390625,0.228271484375,0.02587890625,107248,data/fma_small/107/107248.mp3
5667,1,6,Experimental,Pop,False,0.25390625,0.07586669921875,0.0357666015625,118196,data/fma_small/118/118196.mp3
951,7,6,Rock,Pop,False,0.253662109375,0.1612548828125,0.0924072265625,23172,data/fma_small/023/023172.mp3
958,0,5,Electronic,International,False,0.253662109375,0.2044677734375,0.0128173828125,23862,data/fma_small/023/023862.mp3
7825,5,0,International,Electronic,False,0.25341796875,0.0919189453125,0.0377197265625,148074,data/fma_small/148/148074.mp3
7587,4,6,Instrumental,Pop,False,0.253173828125,0.11346435546875,0.05615234375,143296,data/fma_small/143/143296.mp3
1461,7,6,Rock,Pop,False,0.253173828125,0.1270751953125,0.0361328125,38557,data/fma_small/038/038557.mp3
107,2,1,Folk,Experimental,False,0.252685546875,0.1912841796875,0.0614013671875,1703,data/fma_small/001/001703.mp3
1764,3,6,Hip-Hop,Pop,False,0.25244140625,0.09906005859375,0.0618896484375,43869,data/fma_small/043/043869.mp3
6828,6,1,Pop,Experimental,False,0.251953125,0.16748046875,0.0745849609375,131770,data/fma_small/131/131770.mp3
1141,5,1,International,Experimental,False,0.251953125,0.08868408203125,0.015625,27975,data/fma_small/027/027975.mp3
3723,1,7,Experimental,Rock,False,0.2509765625,0.21142578125,0.03955078125,84054,data/fma_small/084/084054.mp3
5033,4,7,Instrumental,Rock,False,0.250732421875,0.152587890625,0.0621337890625,110649,data/fma_small/110/110649.mp3
7568,0,1,Electronic,Experimental,False,0.25048828125,0.1588134765625,0.0916748046875,143061,data/fma_small/143/143061.mp3
6518,1,3,Experimental,Hip-Hop,False,0.2490234375,0.1962890625,0.052734375,127402,data/fma_small/127/127402.mp3
3585,4,6,Instrumental,Pop,False,0.2481689453125,0.1375732421875,0.000244140625,80518,data/fma_small/080/080518.mp3
4001,1,2,Experimental,Folk,False,0.2479248046875,0.2318115234375,0.01611328125,89376,data/fma_small/089/089376.mp3
70,7,3,Rock,Hip-Hop,False,0.2474365234375,0.1573486328125,0.0673828125,1087,data/fma_small/001/001087.mp3
1294,6,7,Pop,Rock,False,0.2469482421875,0.2239990234375,0.009765625,32759,data/fma_small/032/032759.mp3
4650,7,4,Rock,Instrumental,False,0.24658203125,0.1490478515625,0.041015625,106569,data/fma_small/106/106569.mp3
1308,0,6,Electronic,Pop,False,0.246337890625,0.2125244140625,0.0338134765625,33123,data/fma_small/033/033123.mp3
2404,7,6,Rock,Pop,False,0.2462158203125,0.205078125,0.032470703125,56648,data/fma_small/056/056648.mp3
996,5,1,International,Experimental,False,0.244873046875,0.089599609375,0.0814208984375,24720,data/fma_small/024/024720.mp3
622,6,1,Pop,Experimental,False,0.2437744140625,0.165283203125,0.0784912109375,12551,data/fma_small/012/012551.mp3
6399,1,0,Experimental,Electronic,False,0.24365234375,0.09344482421875,0.029296875,126602,data/fma_small/126/126602.mp3
6009,4,6,Instrumental,Pop,False,0.24365234375,0.13916015625,0.0045166015625,122630,data/fma_small/122/122630.mp3
448,7,0,Rock,Electronic,False,0.2435302734375,0.087158203125,0.0150146484375,10672,data/fma_small/010/010672.mp3
7543,5,6,International,Pop,False,0.242431640625,0.174560546875,0.0047607421875,142573,data/fma_small/142/142573.mp3
4692,5,7,International,Rock,False,0.2423095703125,0.11065673828125,0.0262451171875,107186,data/fma_small/107/107186.mp3
7257,2,6,Folk,Pop,False,0.239013671875,0.2069091796875,0.0321044921875,137907,data/fma_small/137/137907.mp3
4294,3,0,Hip-Hop,Electronic,False,0.2388916015625,0.201904296875,0.0369873046875,96657,data/fma_small/096/096657.mp3
823,6,0,Pop,Electronic,False,0.237548828125,0.2034912109375,0.0340576171875,18146,data/fma_small/018/018146.mp3
1114,1,2,Experimental,Folk,False,0.237060546875,0.185546875,0.012451171875,27455,data/fma_small/027/027455.mp3
6049,1,0,Experimental,Electronic,False,0.2369384765625,0.10675048828125,0.052734375,122959,data/fma_small/122/122959.mp3
7619,2,4,Folk,Instrumental,False,0.2362060546875,0.11431884765625,0.0367431640625,144465,data/fma_small/144/144465.mp3
2462,1,4,Experimental,Instrumental,False,0.236083984375,0.2305908203125,0.0054931640625,57629,data/fma_small/057/057629.mp3
1036,5,0,International,Electronic,False,0.2347412109375,0.1177978515625,0.071044921875,25603,data/fma_small/025/025603.mp3
5472,0,6,Electronic,Pop,False,0.23388671875,0.09332275390625,0.022705078125,115722,data/fma_small/115/115722.mp3
1450,5,7,International,Rock,False,0.233642578125,0.09271240234375,0.0198974609375,38352,data/fma_small/038/038352.mp3
7831,1,7,Experimental,Rock,False,0.2325439453125,0.19677734375,0.0357666015625,148082,data/fma_small/148/148082.mp3
5901,4,2,Instrumental,Folk,False,0.2322998046875,0.1571044921875,0.0562744140625,121653,data/fma_small/121/121653.mp3
2966,7,1,Rock,Experimental,False,0.2318115234375,0.0986328125,0.0582275390625,67661,data/fma_small/067/067661.mp3
1071,1,5,Experimental,International,False,0.2313232421875,0.158447265625,0.0625,26307,data/fma_small/026/026307.mp3
3536,3,6,Hip-Hop,Pop,False,0.23095703125,0.142578125,0.00634765625,78156,data/fma_small/078/078156.mp3
3510,5,4,International,Instrumental,False,0.230712890625,0.0665283203125,0.019775390625,76076,data/fma_small/076/076076.mp3
7828,5,6,International,Pop,False,0.2305908203125,0.172607421875,0.05517578125,148077,data/fma_small/148/148077.mp3
3812,6,0,Pop,Electronic,False,0.2283935546875,0.1944580078125,0.0157470703125,85594,data/fma_small/085/085594.mp3
1097,6,7,Pop,Rock,False,0.2279052734375,0.1583251953125,0.0296630859375,26754,data/fma_small/026/026754.mp3
2684,5,1,International,Experimental,False,0.2276611328125,0.1507568359375,0.0718994140625,62195,data/fma_small/062/062195.mp3
3692,4,6,Instrumental,Pop,False,0.2274169921875,0.1593017578125,0.0423583984375,82931,data/fma_small/082/082931.mp3
5355,3,6,Hip-Hop,Pop,False,0.22705078125,0.2100830078125,0.0169677734375,114266,data/fma_small/114/114266.mp3
841,6,0,Pop,Electronic,False,0.226806640625,0.1624755859375,0.0037841796875,19416,data/fma_small/019/019416.mp3
4836,4,7,Instrumental,Rock,False,0.2254638671875,0.215576171875,0.0098876953125,108474,data/fma_small/108/108474.mp3
4591,0,1,Electronic,Experimental,False,0.2249755859375,0.2049560546875,0.02001953125,105411,data/fma_small/105/105411.mp3
7119,5,6,International,Pop,False,0.223876953125,0.10894775390625,0.0760498046875,134949,data/fma_small/134/134949.mp3
5037,4,6,Instrumental,Pop,False,0.223388671875,0.11151123046875,0.063720703125,110653,data/fma_small/110/110653.mp3
1899,0,1,Electronic,Experimental,False,0.2232666015625,0.188232421875,0.0335693359375,47069,data/fma_small/047/047069.mp3
6923,6,2,Pop,Folk,False,0.22216796875,0.1912841796875,0.0308837890625,132781,data/fma_small/132/132781.mp3
2807,2,6,Folk,Pop,False,0.2216796875,0.189697265625,0.031982421875,64553,data/fma_small/064/064553.mp3
1022,1,0,Experimental,Electronic,False,0.22119140625,0.12286376953125,0.048828125,25063,data/fma_small/025/025063.mp3
1876,1,6,Experimental,Pop,False,0.2205810546875,0.1336669921875,0.01171875,46241,data/fma_small/046/046241.mp3
5736,1,0,Experimental,Electronic,False,0.2205810546875,0.215576171875,0.0050048828125,119575,data/fma_small/119/119575.mp3
113,1,7,Experimental,Rock,False,0.220458984375,0.11590576171875,0.007568359375,1735,data/fma_small/001/001735.mp3
3150,3,6,Hip-Hop,Pop,False,0.22021484375,0.18310546875,0.0343017578125,71175,data/fma_small/071/071175.mp3
1136,2,1,Folk,Experimental,False,0.2196044921875,0.0689697265625,0.050048828125,27855,data/fma_small/027/027855.mp3
697,4,1,Instrumental,Experimental,False,0.2174072265625,0.127197265625,0.0452880859375,14576,data/fma_small/014/014576.mp3
6387,1,4,Experimental,Instrumental,False,0.216796875,0.146240234375,0.0146484375,126550,data/fma_small/126/126550.mp3
7139,5,2,International,Folk,False,0.21630859375,0.18359375,0.0067138671875,135221,data/fma_small/135/135221.mp3
5304,0,4,Electronic,Instrumental,False,0.2154541015625,0.11346435546875,0.0374755859375,113970,data/fma_small/113/113970.mp3
5839,0,6,Electronic,Pop,False,0.2147216796875,0.11395263671875,0.0654296875,120467,data/fma_small/120/120467.mp3
2965,7,6,Rock,Pop,False,0.213623046875,0.163818359375,0.0018310546875,67660,data/fma_small/067/067660.mp3
2814,1,3,Experimental,Hip-Hop,False,0.2132568359375,0.08782958984375,0.003173828125,64594,data/fma_small/064/064594.mp3
5866,3,0,Hip-Hop,Electronic,False,0.21044921875,0.204345703125,0.006103515625,121312,data/fma_small/121/121312.mp3
5478,7,6,Rock,Pop,False,0.2071533203125,0.17529296875,0.0228271484375,115764,data/fma_small/115/115764.mp3
7176,4,6,Instrumental,Pop,False,0.2049560546875,0.1715087890625,0.0225830078125,136276,data/fma_small/136/136276.mp3
1280,0,1,Electronic,Experimental,False,0.202880859375,0.1871337890625,0.0157470703125,32433,data/fma_small/032/032433.mp3
5931,5,4,International,Instrumental,False,0.20068359375,0.07855224609375,0.00244140625,121930,data/fma_small/121/121930.mp3
1422,0,7,Electronic,Rock,False,0.199951171875,0.192626953125,0.00732421875,37131,data/fma_small/037/037131.mp3
3363,1,6,Experimental,Pop,False,0.1968994140625,0.1798095703125,0.01708984375,74302,data/fma_small/074/074302.mp3
333,5,2,International,Folk,False,0.1962890625,0.11285400390625,0.01025390625,6802,data/fma_small/006/006802.mp3
2259,5,6,International,Pop,False,0.1954345703125,0.1749267578125,0.0205078125,54479,data/fma_small/054/054479.mp3
4968,6,5,Pop,International,False,0.194091796875,0.1707763671875,0.0233154296875,109976,data/fma_small/109/109976.mp3
865,5,1,International,Experimental,False,0.19384765625,0.1544189453125,0.0054931640625,19891,data/fma_small/019/019891.mp3
582,5,6,International,Pop,False,0.193115234375,0.146484375,0.0146484375,12109,data/fma_small/012/012109.mp3
1757,3,6,Hip-Hop,Pop,False,0.18701171875,0.11163330078125,0.0333251953125,43860,data/fma_small/043/043860.mp3
4402,7,6,Rock,Pop,False,0.18505859375,0.045623779296875,0.0074462890625,98297,data/fma_small/098/098297.mp3
5961,1,6,Experimental,Pop,False,0.18408203125,0.1781005859375,0.0059814453125,122201,data/fma_small/122/122201.mp3
7143,5,6,International,Pop,False,0.17822265625,0.1697998046875,0.0084228515625,135225,data/fma_small/135/135225.mp3
1440,1,5,Experimental,International,False,0.173095703125,0.1378173828125,0.0050048828125,37781,data/fma_small/037/037781.mp3
