review_rank,review_priority,suggested_action,track_id,true_label,pred_label,confidence,true_confidence,confidence_margin,mp3_path,sample_index,true_id,pred_id,correct,Subjective Label
1,High,manual_label_review,42851,Rock,Experimental,0.992335319519043,0.0013290044153109,0.9888319373130800,data/fma_small/042/042851.mp3,1687,7,1,FALSE,Experimental/Speech
2,High,manual_label_review,99135,Electronic,International,0.977950155735016,0.0016711526550352,0.971624195575714,data/fma_small/099/099135.mp3,4470,0,5,FALSE,International
3,High,manual_label_review,105685,Hip-Hop,International,0.977633774280548,0.0029975206125527,0.9678934812545780,data/fma_small/105/105685.mp3,4607,3,5,FALSE,Speech
4,High,manual_label_review,130693,Rock,Experimental,0.9680591225624080,0.0010092162992805,0.9514821767807010,data/fma_small/130/130693.mp3,6749,7,1,FALSE,Experimental
5,High,manual_label_review,47662,Folk,Instrumental,0.964485228061676,0.0103597752749919,0.9541254639625550,data/fma_small/047/047662.mp3,1931,2,4,FALSE,Instrumental
6,High,manual_label_review,74377,Experimental,Folk,0.9551413655281070,0.0091657759621739,0.944720983505249,data/fma_small/074/074377.mp3,3375,1,2,FALSE,
7,High,manual_label_review,95189,Experimental,Electronic,0.9513904452323910,0.0056937518529593,0.9321854710578920,data/fma_small/095/095189.mp3,4257,1,0,FALSE,
8,High,manual_label_review,45934,Experimental,Instrumental,0.9492812752723690,0.0425322093069553,0.9067490696907040,data/fma_small/045/045934.mp3,1861,1,4,FALSE,
9,High,manual_label_review,58063,Experimental,Electronic,0.9486360549926760,0.0321632362902164,0.9164727926254270,data/fma_small/058/058063.mp3,2492,1,0,FALSE,
10,High,manual_label_review,109958,Pop,Experimental,0.9479286670684810,0.012567289173603,0.935361385345459,data/fma_small/109/109958.mp3,4959,6,1,FALSE,
11,High,manual_label_review,113279,International,Instrumental,0.93822979927063,0.0020046953577548,0.9212411642074580,data/fma_small/113/113279.mp3,5254,5,4,FALSE,
12,High,manual_label_review,59581,International,Pop,0.9364145398139950,0.0027469277847558,0.908483862876892,data/fma_small/059/059581.mp3,2535,5,6,FALSE,
13,High,manual_label_review,49477,Pop,Hip-Hop,0.935235559940338,0.0194527190178632,0.915782868862152,data/fma_small/049/049477.mp3,2015,6,3,FALSE,
14,High,manual_label_review,113305,Rock,Electronic,0.9331968426704410,0.0074736946262419,0.9166089296340940,data/fma_small/113/113305.mp3,5262,7,0,FALSE,
15,High,manual_label_review,109973,Pop,Experimental,0.9323938488960270,0.009136214852333,0.9113395810127260,data/fma_small/109/109973.mp3,4965,6,1,FALSE,
16,High,manual_label_review,137169,Instrumental,Electronic,0.929177463054657,0.0198428016155958,0.909334659576416,data/fma_small/137/137169.mp3,7205,4,0,FALSE,
17,High,manual_label_review,143219,Rock,Pop,0.9263705611228940,0.0149233220145106,0.9001182317733770,data/fma_small/143/143219.mp3,7580,7,6,FALSE,
18,High,manual_label_review,130691,Rock,Experimental,0.9231082797050480,0.0385649837553501,0.8845432996749880,data/fma_small/130/130691.mp3,6747,7,1,FALSE,
19,High,manual_label_review,116465,Experimental,Electronic,0.9207164645195010,0.0006766582955606,0.8848769664764400,data/fma_small/116/116465.mp3,5553,1,0,FALSE,
20,High,manual_label_review,63626,Experimental,Folk,0.919789731502533,0.0023133913055062,0.8777492642402650,data/fma_small/063/063626.mp3,2750,1,2,FALSE,
21,High,manual_label_review,73777,International,Hip-Hop,0.9197125434875490,0.0057742404751479,0.894524872303009,data/fma_small/073/073777.mp3,3352,5,3,FALSE,
22,High,manual_label_review,80516,Instrumental,Rock,0.9181504845619200,0.0259290095418691,0.8922214508056640,data/fma_small/080/080516.mp3,3583,4,7,FALSE,
23,High,manual_label_review,10699,Hip-Hop,Electronic,0.9171266555786130,0.0034437885042279,0.8581491708755490,data/fma_small/010/010699.mp3,464,3,0,FALSE,
24,High,manual_label_review,145705,Pop,Hip-Hop,0.9110733866691590,0.0242137387394905,0.886859655380249,data/fma_small/145/145705.mp3,7718,6,3,FALSE,
25,High,manual_label_review,109106,Experimental,Rock,0.9097909927368160,0.0593558140099048,0.850435197353363,data/fma_small/109/109106.mp3,4913,1,7,FALSE,
26,High,manual_label_review,50449,Rock,International,0.9088432192802430,0.0018365588039159,0.8645811676979070,data/fma_small/050/050449.mp3,2040,7,5,FALSE,
27,High,manual_label_review,80518,Instrumental,Rock,0.9070776104927060,0.0483321845531463,0.8587454557418820,data/fma_small/080/080518.mp3,3585,4,7,FALSE,
28,High,manual_label_review,92124,Pop,Electronic,0.9059310555458070,0.0278350710868835,0.8780959844589230,data/fma_small/092/092124.mp3,4138,6,0,FALSE,
29,High,manual_label_review,130956,Folk,Pop,0.9049040675163270,0.0150608094409108,0.8570166826248170,data/fma_small/130/130956.mp3,6778,2,6,FALSE,
30,High,manual_label_review,113268,International,Electronic,0.9045055508613590,0.01556998770684,0.8868248462677000,data/fma_small/113/113268.mp3,5243,5,0,FALSE,
31,High,manual_label_review,87187,Pop,Folk,0.9033586382865910,0.0371003299951553,0.8662583231925960,data/fma_small/087/087187.mp3,3931,6,2,FALSE,
32,High,manual_label_review,86795,Rock,Pop,0.9028029441833500,0.0166248027235269,0.8591999411582950,data/fma_small/086/086795.mp3,3899,7,6,FALSE,
33,High,manual_label_review,109960,Pop,Experimental,0.9027398228645320,0.0171463247388601,0.8518785834312440,data/fma_small/109/109960.mp3,4960,6,1,FALSE,
34,High,manual_label_review,139638,Experimental,Instrumental,0.902233898639679,0.0486235208809375,0.8536103963851930,data/fma_small/139/139638.mp3,7342,1,4,FALSE,
35,High,manual_label_review,56036,Electronic,Hip-Hop,0.9016375541687010,0.0195967331528663,0.8670989274978640,data/fma_small/056/056036.mp3,2367,0,3,FALSE,
36,High,manual_label_review,122474,Pop,Electronic,0.9013730883598330,0.0144161954522132,0.8625226616859440,data/fma_small/122/122474.mp3,5987,6,0,FALSE,
37,High,manual_label_review,100549,Electronic,Experimental,0.9010929465293880,0.0462668649852275,0.8548260927200320,data/fma_small/100/100549.mp3,4518,0,1,FALSE,
38,High,manual_label_review,130347,Folk,International,0.9003236889839170,0.0122680068016052,0.8678165674209600,data/fma_small/130/130347.mp3,6731,2,5,FALSE,
39,Medium,manual_label_review,131439,Pop,Rock,0.898321807384491,0.0636484399437904,0.8346733450889590,data/fma_small/131/131439.mp3,6806,6,7,FALSE,
40,Medium,manual_label_review,114544,Electronic,Pop,0.8980854153633120,0.012120347470045,0.860902726650238,data/fma_small/114/114544.mp3,5418,0,6,FALSE,
41,Medium,manual_label_review,111221,Instrumental,Experimental,0.8960002064704900,0.0157292503863573,0.8346878290176390,data/fma_small/111/111221.mp3,5085,4,1,FALSE,
42,Medium,manual_label_review,13668,Electronic,Hip-Hop,0.8906460404396060,0.0222474094480276,0.8658429384231570,data/fma_small/013/013668.mp3,655,0,3,FALSE,
43,Medium,manual_label_review,58166,Pop,Hip-Hop,0.8884735703468320,0.0443700663745403,0.8441035151481630,data/fma_small/058/058166.mp3,2503,6,3,FALSE,
44,Medium,manual_label_review,86678,Hip-Hop,Electronic,0.8870050311088560,0.0175189413130283,0.8376771807670590,data/fma_small/086/086678.mp3,3886,3,0,FALSE,
45,Medium,manual_label_review,13539,International,Folk,0.8855283856391910,0.0511181354522705,0.8344102501869200,data/fma_small/013/013539.mp3,644,5,2,FALSE,
46,Medium,manual_label_review,58474,Pop,Electronic,0.87147456407547,0.0284246262162923,0.8389642238616940,data/fma_small/058/058474.mp3,2517,6,0,FALSE,
47,Medium,manual_label_review,64858,Experimental,Electronic,0.8686273694038390,0.0640530213713646,0.8045743703842160,data/fma_small/064/064858.mp3,2838,1,0,FALSE,
48,Medium,manual_label_review,145183,Instrumental,Experimental,0.8623723387718200,0.0024701198562979,0.8111301064491270,data/fma_small/145/145183.mp3,7682,4,1,FALSE,
49,Medium,manual_label_review,126182,Instrumental,Rock,0.8620779514312740,0.0374097637832164,0.8246681690216060,data/fma_small/126/126182.mp3,6297,4,7,FALSE,
50,Medium,manual_label_review,118505,Experimental,Folk,0.8610709309577940,0.018569340929389,0.7603471279144290,data/fma_small/118/118505.mp3,5686,1,2,FALSE,
51,Medium,manual_label_review,19074,Pop,Folk,0.8592121005058290,0.0763192698359489,0.7828928232192990,data/fma_small/019/019074.mp3,833,6,2,FALSE,
52,Medium,manual_label_review,87191,Pop,Folk,0.8568674921989440,0.0950642526149749,0.7618032693862920,data/fma_small/087/087191.mp3,3935,6,2,FALSE,
53,Medium,manual_label_review,80520,Instrumental,Rock,0.8556156158447270,0.0572452656924724,0.798370361328125,data/fma_small/080/080520.mp3,3587,4,7,FALSE,
54,Medium,manual_label_review,120515,Instrumental,Electronic,0.8540542125701900,0.0082762651145458,0.7883470058441160,data/fma_small/120/120515.mp3,5847,4,0,FALSE,
55,Medium,manual_label_review,134796,Instrumental,Hip-Hop,0.8531578183174130,0.0062235444784164,0.7926151752471920,data/fma_small/134/134796.mp3,7089,4,3,FALSE,
56,Medium,manual_label_review,44791,Experimental,Rock,0.8527743220329290,0.0258234944194555,0.7914957404136660,data/fma_small/044/044791.mp3,1785,1,7,FALSE,
57,Medium,manual_label_review,85595,Pop,Electronic,0.8515585064888,0.0308992024511098,0.8001893758773800,data/fma_small/085/085595.mp3,3813,6,0,FALSE,
58,Medium,manual_label_review,44799,Experimental,Electronic,0.8510156273841860,0.0388262085616588,0.8121894001960750,data/fma_small/044/044799.mp3,1793,1,0,FALSE,
59,Medium,manual_label_review,73468,Pop,Instrumental,0.8508148789405820,0.0273118857294321,0.7886351943016050,data/fma_small/073/073468.mp3,3310,6,4,FALSE,
60,Medium,manual_label_review,117943,International,Hip-Hop,0.8492417335510250,0.1045743599534030,0.7446673512458800,data/fma_small/117/117943.mp3,5644,5,3,FALSE,
61,Medium,manual_label_review,104068,Pop,Rock,0.8411242961883550,0.1085202470421790,0.7326040267944340,data/fma_small/104/104068.mp3,4564,6,7,FALSE,
62,Medium,manual_label_review,56029,Electronic,Pop,0.8405995965003970,0.0316165573894977,0.7970616221427920,data/fma_small/056/056029.mp3,2362,0,6,FALSE,
63,Medium,manual_label_review,131436,Pop,Rock,0.8404057621955870,0.1094927415251730,0.7309130430221560,data/fma_small/131/131436.mp3,6805,6,7,FALSE,
64,Medium,manual_label_review,126183,Instrumental,Rock,0.8402276039123540,0.1081160306930540,0.7321115732192990,data/fma_small/126/126183.mp3,6298,4,7,FALSE,
65,Medium,manual_label_review,70773,Hip-Hop,Electronic,0.8387252688407900,0.0393793284893035,0.79621422290802,data/fma_small/070/070773.mp3,3135,3,0,FALSE,
66,Medium,manual_label_review,122650,Instrumental,Electronic,0.8344662189483640,0.0111349569633603,0.774998128414154,data/fma_small/122/122650.mp3,6021,4,0,FALSE,
67,Medium,manual_label_review,84156,Folk,Rock,0.833726704120636,0.0223004464060068,0.7284268736839290,data/fma_small/084/084156.mp3,3742,2,7,FALSE,
68,Medium,manual_label_review,63789,Hip-Hop,Electronic,0.8324469923973080,0.0338192135095596,0.761491060256958,data/fma_small/063/063789.mp3,2757,3,0,FALSE,
69,Medium,manual_label_review,111368,Pop,Electronic,0.8277434706687930,0.0628283098340034,0.7621742486953740,data/fma_small/111/111368.mp3,5099,6,0,FALSE,
70,Medium,manual_label_review,121592,Pop,Rock,0.8272783160209660,0.1071390882134440,0.72013920545578,data/fma_small/121/121592.mp3,5895,6,7,FALSE,
71,Medium,manual_label_review,13930,Folk,International,0.8250420093536380,0.0545091181993484,0.7405563592910770,data/fma_small/013/013930.mp3,673,2,5,FALSE,
72,Medium,manual_label_review,57938,Experimental,Hip-Hop,0.8212984204292300,0.0407976396381855,0.7535955309867860,data/fma_small/057/057938.mp3,2483,1,3,FALSE,
73,Medium,manual_label_review,61587,Pop,Experimental,0.8183601498603820,0.023401765152812,0.765076220035553,data/fma_small/061/061587.mp3,2650,6,1,FALSE,
74,Medium,manual_label_review,137054,Electronic,International,0.8182342648506170,0.1363420039415360,0.6818922758102420,data/fma_small/137/137054.mp3,7199,0,5,FALSE,
75,Medium,manual_label_review,35443,Folk,Pop,0.8181350231170650,0.0837616249918937,0.7343733906745910,data/fma_small/035/035443.mp3,1347,2,6,FALSE,
76,Medium,manual_label_review,144476,Folk,Instrumental,0.8138976097106930,0.039610605686903,0.7420753836631780,data/fma_small/144/144476.mp3,7630,2,4,FALSE,
77,Medium,manual_label_review,58170,Pop,Experimental,0.8118764758110050,0.0590472817420959,0.7528291940689090,data/fma_small/058/058170.mp3,2505,6,1,FALSE,
78,Medium,manual_label_review,107659,Rock,Experimental,0.8099943995475770,0.0127071337774395,0.6405214667320250,data/fma_small/107/107659.mp3,4744,7,1,FALSE,
79,Medium,manual_label_review,44797,Experimental,Pop,0.8080474734306340,0.0406804271042346,0.7348139882087710,data/fma_small/044/044797.mp3,1791,1,6,FALSE,
80,Medium,manual_label_review,24975,Experimental,International,0.8067917227745060,0.0115316966548562,0.6810857653617860,data/fma_small/024/024975.mp3,1013,1,5,FALSE,
81,Medium,manual_label_review,42442,Rock,International,0.8047754764556890,0.0629267990589141,0.7418487071990970,data/fma_small/042/042442.mp3,1678,7,5,FALSE,
82,Medium,manual_label_review,131797,Instrumental,Folk,0.8025498390197750,0.0505912452936172,0.7493196725845340,data/fma_small/131/131797.mp3,6840,4,2,FALSE,
83,Medium,manual_label_review,36961,Pop,Electronic,0.8018262386322020,0.0799621567130088,0.7218641042709350,data/fma_small/036/036961.mp3,1402,6,0,FALSE,
84,Medium,manual_label_review,83718,Hip-Hop,Electronic,0.8018112182617190,0.1241789162158970,0.6776323318481450,data/fma_small/083/083718.mp3,3708,3,0,FALSE,
85,Medium,manual_label_review,54664,Pop,Folk,0.7950109839439390,0.0970642566680908,0.6979467272758480,data/fma_small/054/054664.mp3,2276,6,2,FALSE,
86,Medium,manual_label_review,75386,Hip-Hop,Electronic,0.7945850491523740,0.1025548875331880,0.6920301914215090,data/fma_small/075/075386.mp3,3425,3,0,FALSE,
87,Medium,manual_label_review,127289,Pop,Folk,0.7923914790153500,0.0994821488857269,0.6929093599319460,data/fma_small/127/127289.mp3,6495,6,2,FALSE,
88,Medium,manual_label_review,44804,Experimental,Rock,0.790751039981842,0.0045039560645818,0.6699314713478090,data/fma_small/044/044804.mp3,1798,1,7,FALSE,
89,Medium,manual_label_review,52380,Pop,Experimental,0.7895699143409730,0.0395769365131855,0.7210853695869450,data/fma_small/052/052380.mp3,2125,6,1,FALSE,
90,Medium,manual_label_review,39484,Experimental,Instrumental,0.7873407006263730,0.0675306841731071,0.6826293468475340,data/fma_small/039/039484.mp3,1539,1,4,FALSE,
91,Medium,manual_label_review,111873,Instrumental,Experimental,0.7808893322944640,0.0771454200148582,0.6865667104721070,data/fma_small/111/111873.mp3,5136,4,1,FALSE,
92,Medium,manual_label_review,84605,Pop,Electronic,0.7767238616943360,0.1272703558206560,0.6494535207748410,data/fma_small/084/084605.mp3,3761,6,0,FALSE,
93,Medium,manual_label_review,30090,Experimental,Electronic,0.7745473980903630,0.0623805411159992,0.7023388147354130,data/fma_small/030/030090.mp3,1222,1,0,FALSE,
94,Medium,manual_label_review,71938,Rock,Instrumental,0.7741920351982120,0.0453042350709438,0.6901353597640990,data/fma_small/071/071938.mp3,3210,7,4,FALSE,
95,Medium,manual_label_review,122630,Instrumental,Electronic,0.7690813541412350,0.0932501032948494,0.6758312582969670,data/fma_small/122/122630.mp3,6009,4,0,FALSE,
96,Medium,manual_label_review,113028,Pop,Experimental,0.7686778903007510,0.0399119034409523,0.6022195816040040,data/fma_small/113/113028.mp3,5218,6,1,FALSE,
97,Medium,manual_label_review,129884,International,Hip-Hop,0.7647364139556890,0.1599591225385670,0.6047772765159610,data/fma_small/129/129884.mp3,6691,5,3,FALSE,
98,Medium,manual_label_review,119118,Experimental,Pop,0.7630638480186460,0.1199710443615910,0.6430928111076360,data/fma_small/119/119118.mp3,5724,1,6,FALSE,
99,Medium,manual_label_review,130711,Hip-Hop,International,0.7621094584465030,0.1768432855606080,0.5852661728858950,data/fma_small/130/130711.mp3,6753,3,5,FALSE,
100,Medium,manual_label_review,126319,Instrumental,Electronic,0.7565430998802190,0.0845189988613128,0.6578657031059270,data/fma_small/126/126319.mp3,6340,4,0,FALSE,
101,Medium,manual_label_review,19689,Pop,Electronic,0.7550871968269350,0.0942037180066108,0.6608834862709050,data/fma_small/019/019689.mp3,856,6,0,FALSE,
102,Medium,manual_label_review,114400,Rock,Instrumental,0.7524405121803280,0.0320270806550979,0.6679979562759400,data/fma_small/114/114400.mp3,5393,7,4,FALSE,
103,Medium,manual_label_review,32332,Pop,Folk,0.7523303031921390,0.1287750154733660,0.6235553026199340,data/fma_small/032/032332.mp3,1271,6,2,FALSE,
104,Medium,manual_label_review,84200,Electronic,Instrumental,0.75129634141922,0.161576509475708,0.589719831943512,data/fma_small/084/084200.mp3,3748,0,4,FALSE,
105,Medium,manual_label_review,58115,Pop,Rock,0.750321626663208,0.2121959924697880,0.5381256341934200,data/fma_small/058/058115.mp3,2495,6,7,FALSE,
106,Low,manual_label_review,85400,Experimental,Rock,0.749284029006958,0.1931229829788210,0.5561610460281370,data/fma_small/085/085400.mp3,3786,1,7,FALSE,
107,Low,manual_label_review,114430,Rock,Hip-Hop,0.7487389445304870,0.0135478088632225,0.6680604219436650,data/fma_small/114/114430.mp3,5409,7,3,FALSE,
108,Low,manual_label_review,75929,Hip-Hop,Experimental,0.7460921406745910,0.0418577678501606,0.6590410470962520,data/fma_small/075/075929.mp3,3494,3,1,FALSE,
109,Low,manual_label_review,118498,Experimental,Pop,0.7460455894470220,0.0854040905833244,0.6606414914131170,data/fma_small/118/118498.mp3,5680,1,6,FALSE,
110,Low,manual_label_review,141874,Electronic,Rock,0.7454795837402340,0.0667381286621093,0.6391229033470150,data/fma_small/141/141874.mp3,7470,0,7,FALSE,
111,Low,manual_label_review,44793,Experimental,Pop,0.7433539032936100,0.0298332124948501,0.6032875776290890,data/fma_small/044/044793.mp3,1787,1,6,FALSE,
112,Low,manual_label_review,108882,Instrumental,Experimental,0.7392255663871770,0.078670248389244,0.6448454260826110,data/fma_small/108/108882.mp3,4897,4,1,FALSE,
113,Low,manual_label_review,44805,Pop,Instrumental,0.7392125129699710,0.1140850186347960,0.6251274943351750,data/fma_small/044/044805.mp3,1799,6,4,FALSE,
114,Low,manual_label_review,12109,International,Folk,0.7365312576293950,0.0582123510539531,0.6642253398895260,data/fma_small/012/012109.mp3,582,5,2,FALSE,
115,Low,manual_label_review,49039,Pop,Experimental,0.7291495203971860,0.0190775915980339,0.58241868019104,data/fma_small/049/049039.mp3,1997,6,1,FALSE,
116,Low,manual_label_review,113270,International,Pop,0.7284433841705320,0.028970992192626,0.5957132577896120,data/fma_small/113/113270.mp3,5245,5,6,FALSE,
117,Low,manual_label_review,46241,Experimental,Pop,0.7274946570396420,0.0269979294389486,0.6327567100524900,data/fma_small/046/046241.mp3,1876,1,6,FALSE,
118,Low,manual_label_review,85311,Pop,Hip-Hop,0.7263228297233580,0.0345373563468456,0.5743422508239750,data/fma_small/085/085311.mp3,3780,6,3,FALSE,
119,Low,manual_label_review,9560,Rock,Pop,0.7259233593940740,0.0812812969088554,0.5737473368644710,data/fma_small/009/009560.mp3,401,7,6,FALSE,
120,Low,manual_label_review,128878,Experimental,Instrumental,0.7211747765541080,0.1603764444589620,0.5607983469963070,data/fma_small/128/128878.mp3,6603,1,4,FALSE,
121,Low,manual_label_review,29744,Experimental,Electronic,0.7203468680381780,0.041033636778593,0.6194723844528200,data/fma_small/029/029744.mp3,1205,1,0,FALSE,
122,Low,manual_label_review,29741,Experimental,Electronic,0.7184258103370670,0.0241083409637212,0.5764309167861940,data/fma_small/029/029741.mp3,1203,1,0,FALSE,
123,Low,manual_label_review,60476,Hip-Hop,Electronic,0.7169766426086430,0.1112408861517910,0.6057357788085940,data/fma_small/060/060476.mp3,2600,3,0,FALSE,
124,Low,manual_label_review,67558,Rock,Pop,0.7158544063568120,0.1618258506059650,0.5540285706520080,data/fma_small/067/067558.mp3,2957,7,6,FALSE,
125,Low,manual_label_review,10389,Folk,Experimental,0.7155471444129940,0.0088230380788445,0.5549533367156980,data/fma_small/010/010389.mp3,424,2,1,FALSE,
126,Low,manual_label_review,57435,Pop,Rock,0.7149690985679630,0.2083995342254640,0.5065695643424990,data/fma_small/057/057435.mp3,2451,6,7,FALSE,
127,Low,manual_label_review,40903,Rock,Folk,0.7143210768699650,0.0443916767835617,0.5906654596328740,data/fma_small/040/040903.mp3,1605,7,2,FALSE,
128,Low,manual_label_review,10675,Rock,Experimental,0.7120288014411930,0.0094473464414477,0.4751819372177120,data/fma_small/010/010675.mp3,451,7,1,FALSE,
129,Low,manual_label_review,47202,Experimental,International,0.7103450894355770,0.0750626996159553,0.5961957573890690,data/fma_small/047/047202.mp3,1919,1,5,FALSE,
130,Low,manual_label_review,9962,Rock,Pop,0.7091903686523440,0.014673282392323,0.5611245036125180,data/fma_small/009/009962.mp3,408,7,6,FALSE,
131,Low,manual_label_review,144475,Folk,Instrumental,0.7072342038154600,0.0990214049816131,0.6082128286361690,data/fma_small/144/144475.mp3,7629,2,4,FALSE,
132,Low,manual_label_review,40655,Instrumental,Experimental,0.7071854472160340,0.095988392829895,0.6111970543861390,data/fma_small/040/040655.mp3,1592,4,1,FALSE,
133,Low,manual_label_review,107593,Folk,Experimental,0.7045535445213320,0.0365996845066547,0.616990327835083,data/fma_small/107/107593.mp3,4735,2,1,FALSE,
134,Low,manual_label_review,127182,Pop,Folk,0.7036092877388,0.1423015147447590,0.5613077878952030,data/fma_small/127/127182.mp3,6452,6,2,FALSE,
135,Low,manual_label_review,114395,Rock,Instrumental,0.703262984752655,0.0741691887378692,0.620916485786438,data/fma_small/114/114395.mp3,5388,7,4,FALSE,
136,Low,manual_label_review,82242,Experimental,Electronic,0.7027301788330080,0.2208480983972550,0.481882095336914,data/fma_small/082/082242.mp3,3663,1,0,FALSE,
137,Low,manual_label_review,131837,Instrumental,Electronic,0.7003745436668400,0.0440504886209964,0.5196031332015990,data/fma_small/131/131837.mp3,6841,4,0,FALSE,
138,Low,manual_label_review,88892,Folk,Rock,0.6998526453971860,0.0310946609824895,0.4906049966812130,data/fma_small/088/088892.mp3,3989,2,7,FALSE,
139,Low,manual_label_review,120150,Experimental,Folk,0.698437511920929,0.107344202697277,0.5844986438751220,data/fma_small/120/120150.mp3,5780,1,2,FALSE,
140,Low,manual_label_review,69723,Rock,Experimental,0.6982424259185790,0.1261797547340390,0.5720626711845400,data/fma_small/069/069723.mp3,3071,7,1,FALSE,
141,Low,manual_label_review,1703,Folk,Instrumental,0.6975793838500980,0.171856477856636,0.5257229208946230,data/fma_small/001/001703.mp3,107,2,4,FALSE,
142,Low,manual_label_review,85419,Pop,Rock,0.6950834393501280,0.1548471450805660,0.5402362942695620,data/fma_small/085/085419.mp3,3787,6,7,FALSE,
143,Low,manual_label_review,31043,Electronic,Instrumental,0.6928645968437200,0.0533154942095279,0.5431318879127500,data/fma_small/031/031043.mp3,1245,0,4,FALSE,
144,Low,manual_label_review,119575,Experimental,Electronic,0.692416250705719,0.2819332182407380,0.4104830324649810,data/fma_small/119/119575.mp3,5736,1,0,FALSE,
145,Low,manual_label_review,115321,Electronic,Hip-Hop,0.6894965767860410,0.1024104580283170,0.5870861411094670,data/fma_small/115/115321.mp3,5454,0,3,FALSE,
146,Low,manual_label_review,86680,Hip-Hop,Pop,0.6886395812034610,0.0188953857868909,0.5578066110610960,data/fma_small/086/086680.mp3,3888,3,6,FALSE,
147,Low,manual_label_review,57822,Hip-Hop,Experimental,0.6882290840148930,0.0152004929259419,0.5810166597366330,data/fma_small/057/057822.mp3,2477,3,1,FALSE,
148,Low,manual_label_review,11790,Hip-Hop,Electronic,0.6807767748832700,0.2482953071594240,0.4324814677238460,data/fma_small/011/011790.mp3,538,3,0,FALSE,
149,Low,manual_label_review,123509,Pop,Instrumental,0.67571622133255,0.0145734995603561,0.4255659878253940,data/fma_small/123/123509.mp3,6089,6,4,FALSE,
150,Low,manual_label_review,110274,Experimental,Instrumental,0.6748595833778380,0.1689435988664630,0.5059159994125370,data/fma_small/110/110274.mp3,5006,1,4,FALSE,
151,Low,manual_label_review,152258,International,Electronic,0.6734344959259030,0.2108415365219120,0.4625929594039920,data/fma_small/152/152258.mp3,7970,5,0,FALSE,
152,Low,manual_label_review,81600,Instrumental,Electronic,0.6683492660522460,0.2407529950141910,0.4275962710380550,data/fma_small/081/081600.mp3,3640,4,0,FALSE,
153,Low,manual_label_review,113809,Pop,International,0.6678500175476070,0.2272552996873860,0.440594732761383,data/fma_small/113/113809.mp3,5293,6,5,FALSE,
154,Low,manual_label_review,84139,Experimental,Folk,0.6625624895095830,0.0228878930211067,0.5535521507263180,data/fma_small/084/084139.mp3,3735,1,2,FALSE,
155,Low,manual_label_review,51278,Pop,Rock,0.6611157059669500,0.0427213609218597,0.5694301128387450,data/fma_small/051/051278.mp3,2078,6,7,FALSE,
156,Low,manual_label_review,126512,Experimental,Instrumental,0.6610629558563230,0.1026864275336270,0.5448318719863890,data/fma_small/126/126512.mp3,6381,1,4,FALSE,
157,Low,manual_label_review,113934,Pop,Electronic,0.6589905619621280,0.0620561838150024,0.5170776844024660,data/fma_small/113/113934.mp3,5298,6,0,FALSE,
158,Low,manual_label_review,12530,Pop,Instrumental,0.6587884426116940,0.0405584387481212,0.4272831082344060,data/fma_small/012/012530.mp3,618,6,4,FALSE,
159,Low,manual_label_review,145002,Folk,Instrumental,0.6580449938774110,0.0497094877064228,0.497917115688324,data/fma_small/145/145002.mp3,7668,2,4,FALSE,
160,Low,manual_label_review,121653,Instrumental,Experimental,0.6568784117698670,0.1960050612688060,0.4608733654022220,data/fma_small/121/121653.mp3,5901,4,1,FALSE,
161,Low,manual_label_review,122673,Instrumental,Electronic,0.6564050316810610,0.182646095752716,0.4737589359283450,data/fma_small/122/122673.mp3,6025,4,0,FALSE,
162,Low,manual_label_review,85428,Pop,Rock,0.6549829840660100,0.2282990217208860,0.4266839623451230,data/fma_small/085/085428.mp3,3796,6,7,FALSE,
163,Low,manual_label_review,111386,Pop,Electronic,0.6535391211509710,0.1393281370401380,0.5142109990119930,data/fma_small/111/111386.mp3,5109,6,0,FALSE,
164,Low,manual_label_review,40541,Hip-Hop,Electronic,0.6518582701683040,0.1410371661186220,0.5108211040496830,data/fma_small/040/040541.mp3,1588,3,0,FALSE,
165,Low,manual_label_review,40542,Hip-Hop,Electronic,0.6517295837402340,0.1409820914268490,0.510747492313385,data/fma_small/040/040542.mp3,1589,3,0,FALSE,
166,Low,manual_label_review,76076,International,Folk,0.6513543725013730,0.0306250508874654,0.4282074570655820,data/fma_small/076/076076.mp3,3510,5,2,FALSE,
167,Low,manual_label_review,141300,Instrumental,Experimental,0.650050163269043,0.0763763412833213,0.4575997591018680,data/fma_small/141/141300.mp3,7447,4,1,FALSE,
168,Low,manual_label_review,42310,Rock,Folk,0.646660566329956,0.0379890277981758,0.4600351452827450,data/fma_small/042/042310.mp3,1671,7,2,FALSE,
169,Low,manual_label_review,32325,Pop,Experimental,0.6462368965148930,0.1830675601959230,0.4631693363189700,data/fma_small/032/032325.mp3,1264,6,1,FALSE,
170,Low,manual_label_review,12348,Folk,Rock,0.644512414932251,0.0858844891190528,0.5105491280555730,data/fma_small/012/012348.mp3,591,2,7,FALSE,
171,Low,manual_label_review,145703,Pop,Hip-Hop,0.6440334320068360,0.2739338874816890,0.3700995445251470,data/fma_small/145/145703.mp3,7716,6,3,FALSE,
172,Low,manual_label_review,113973,Electronic,Pop,0.6427739262580870,0.0495078079402446,0.5257825255393980,data/fma_small/113/113973.mp3,5307,0,6,FALSE,
173,Low,manual_label_review,43868,Hip-Hop,Experimental,0.6421436071395870,0.0280647333711385,0.4378371834754940,data/fma_small/043/043868.mp3,1763,3,1,FALSE,
174,Low,manual_label_review,11675,International,Folk,0.6391802430152890,0.0399641431868076,0.4666591882705690,data/fma_small/011/011675.mp3,505,5,2,FALSE,
175,Low,manual_label_review,51276,Pop,Electronic,0.6377633213996890,0.1494442224502560,0.4883190989494320,data/fma_small/051/051276.mp3,2077,6,0,FALSE,
176,Low,manual_label_review,116709,Experimental,Instrumental,0.6360742449760440,0.0435437448322773,0.4144821166992190,data/fma_small/116/116709.mp3,5575,1,4,FALSE,
177,Low,manual_label_review,47192,Experimental,Rock,0.6320269703865050,0.1453942656517030,0.4866327047348020,data/fma_small/047/047192.mp3,1909,1,7,FALSE,
178,Low,manual_label_review,55076,Pop,Folk,0.6308647990226750,0.0540608502924442,0.4074911475181580,data/fma_small/055/055076.mp3,2286,6,2,FALSE,
179,Low,manual_label_review,91458,Rock,Pop,0.6282954812049870,0.2001587152481080,0.4281367659568790,data/fma_small/091/091458.mp3,4106,7,6,FALSE,
180,Low,manual_label_review,29180,Pop,Folk,0.6270907521247860,0.1042634844779970,0.5007954239845280,data/fma_small/029/029180.mp3,1179,6,2,FALSE,
181,Low,manual_label_review,70775,Hip-Hop,Electronic,0.6267676949501040,0.1958336234092710,0.4309340715408330,data/fma_small/070/070775.mp3,3137,3,0,FALSE,
182,Low,manual_label_review,63291,Instrumental,Rock,0.6244321465492250,0.0338073410093784,0.4502028226852420,data/fma_small/063/063291.mp3,2743,4,7,FALSE,
183,Low,manual_label_review,122579,Pop,Instrumental,0.6238751411437990,0.0732236057519912,0.4848427176475530,data/fma_small/122/122579.mp3,5999,6,4,FALSE,
184,Low,manual_label_review,107256,International,Rock,0.6225473880767820,0.1472871452569960,0.4589607715606690,data/fma_small/107/107256.mp3,4700,5,7,FALSE,
185,Low,manual_label_review,120514,Instrumental,Pop,0.6225175261497500,0.114644855260849,0.5050824284553530,data/fma_small/120/120514.mp3,5846,4,6,FALSE,
186,Low,manual_label_review,43869,Hip-Hop,Electronic,0.6211993098258970,0.1870443373918530,0.4341549873352050,data/fma_small/043/043869.mp3,1764,3,0,FALSE,
187,Low,manual_label_review,127285,Pop,Rock,0.6194791793823240,0.2306842803955080,0.3887948989868160,data/fma_small/127/127285.mp3,6491,6,7,FALSE,
188,Low,manual_label_review,57823,Hip-Hop,Pop,0.6189334392547610,0.1458436697721480,0.4730897545814510,data/fma_small/057/057823.mp3,2478,3,6,FALSE,
189,Low,manual_label_review,114037,Hip-Hop,Instrumental,0.6183341145515440,0.1502385586500170,0.4570264816284180,data/fma_small/114/114037.mp3,5311,3,4,FALSE,
190,Low,manual_label_review,108297,Rock,Pop,0.6167895793914800,0.28390833735466,0.3328812420368190,data/fma_small/108/108297.mp3,4795,7,6,FALSE,
191,Low,manual_label_review,153383,Pop,International,0.6146970987319950,0.1108807548880580,0.4845395386219020,data/fma_small/153/153383.mp3,7983,6,5,FALSE,
192,Low,manual_label_review,105683,Hip-Hop,Experimental,0.6118816137313840,0.2116438597440720,0.4002377390861510,data/fma_small/105/105683.mp3,4606,3,1,FALSE,
193,Low,manual_label_review,55183,Electronic,Experimental,0.6089011430740360,0.0665806159377098,0.398760974407196,data/fma_small/055/055183.mp3,2299,0,1,FALSE,
194,Low,manual_label_review,40654,Instrumental,Experimental,0.6073991656303410,0.1463924199342730,0.461006760597229,data/fma_small/040/040654.mp3,1591,4,1,FALSE,
195,Low,manual_label_review,24983,Experimental,Pop,0.6053983569145200,0.1494151949882510,0.4559831619262700,data/fma_small/024/024983.mp3,1014,1,6,FALSE,
196,Low,manual_label_review,44794,Experimental,Folk,0.6045644879341130,0.0254432987421751,0.3674002885818480,data/fma_small/044/044794.mp3,1788,1,2,FALSE,
197,Low,manual_label_review,131454,Pop,Rock,0.6041505336761480,0.1875688433647160,0.4165816903114320,data/fma_small/131/131454.mp3,6814,6,7,FALSE,
198,Low,manual_label_review,19413,Pop,International,0.6041284203529360,0.1209419965744020,0.4773648083209990,data/fma_small/019/019413.mp3,839,6,5,FALSE,
199,Low,manual_label_review,127187,Pop,Folk,0.6031978726387020,0.3105902969837190,0.2926075756549840,data/fma_small/127/127187.mp3,6457,6,2,FALSE,
200,Low,manual_label_review,37781,Experimental,Instrumental,0.6022189855575560,0.0567883737385273,0.4580472707748410,data/fma_small/037/037781.mp3,1440,1,4,FALSE,
201,Low,manual_label_review,143216,Rock,Pop,0.6014646887779240,0.0779102742671966,0.3382126986980440,data/fma_small/143/143216.mp3,7577,7,6,FALSE,
202,Low,manual_label_review,57937,Experimental,Pop,0.6013346314430240,0.0498180277645587,0.4247298836708070,data/fma_small/057/057937.mp3,2482,1,6,FALSE,
203,Low,manual_label_review,27803,Experimental,Electronic,0.6002810597419740,0.037476610392332,0.3578562140464780,data/fma_small/027/027803.mp3,1133,1,0,FALSE,
204,Low,manual_label_review,91157,Pop,Electronic,0.5979535579681400,0.2501697838306430,0.3477837741374970,data/fma_small/091/091157.mp3,4073,6,0,FALSE,
205,Low,manual_label_review,69182,Pop,Electronic,0.5937654376029970,0.0445622988045215,0.2868898510932920,data/fma_small/069/069182.mp3,3039,6,0,FALSE,
206,Low,manual_label_review,86679,Hip-Hop,Electronic,0.5934343934059140,0.0984207913279533,0.3771722912788390,data/fma_small/086/086679.mp3,3887,3,0,FALSE,
207,Low,manual_label_review,58140,Folk,Rock,0.5930138230323790,0.0407678075134754,0.4323883652687070,data/fma_small/058/058140.mp3,2499,2,7,FALSE,
208,Low,manual_label_review,40985,Rock,Pop,0.5920608639717100,0.0528089702129364,0.4482855200767520,data/fma_small/040/040985.mp3,1611,7,6,FALSE,
209,Low,manual_label_review,143296,Instrumental,Electronic,0.5907258987426760,0.0662745833396911,0.4316767752170560,data/fma_small/143/143296.mp3,7587,4,0,FALSE,
210,Low,manual_label_review,141288,Instrumental,Electronic,0.5891311168670650,0.0933153852820396,0.438833475112915,data/fma_small/141/141288.mp3,7437,4,0,FALSE,
211,Low,manual_label_review,123441,Hip-Hop,Rock,0.5878275036811830,0.1233238652348520,0.4040559530258180,data/fma_small/123/123441.mp3,6069,3,7,FALSE,
212,Low,manual_label_review,123763,Instrumental,Experimental,0.5876978039741520,0.3587990701198580,0.2288987338542940,data/fma_small/123/123763.mp3,6098,4,1,FALSE,
213,Low,manual_label_review,123979,Hip-Hop,Instrumental,0.587533175945282,0.0844663083553314,0.3297350704669950,data/fma_small/123/123979.mp3,6130,3,4,FALSE,
214,Low,manual_label_review,85953,Pop,Rock,0.5870593190193180,0.368657112121582,0.2184022068977360,data/fma_small/085/085953.mp3,3843,6,7,FALSE,
215,Low,manual_label_review,118920,Electronic,Instrumental,0.5849098563194280,0.07574313133955,0.4481596946716310,data/fma_small/118/118920.mp3,5701,0,4,FALSE,
216,Low,manual_label_review,85594,Pop,Hip-Hop,0.5848668813705440,0.1771119832992550,0.407754898071289,data/fma_small/085/085594.mp3,3812,6,3,FALSE,
217,Low,manual_label_review,48453,Pop,Experimental,0.5827273726463320,0.1559924781322480,0.4165041446685790,data/fma_small/048/048453.mp3,1969,6,1,FALSE,
218,Low,manual_label_review,13220,Pop,Hip-Hop,0.5807303786277770,0.0711233988404274,0.4395153522491460,data/fma_small/013/013220.mp3,636,6,3,FALSE,
219,Low,manual_label_review,130692,Rock,Electronic,0.5789254307746890,0.3037705421447750,0.2751548886299130,data/fma_small/130/130692.mp3,6748,7,0,FALSE,
220,Low,manual_label_review,124484,Pop,Rock,0.5781445503234860,0.2091273069381710,0.3690172433853150,data/fma_small/124/124484.mp3,6167,6,7,FALSE,
221,Low,manual_label_review,38967,Experimental,Pop,0.5781440138816830,0.308537483215332,0.2696065306663510,data/fma_small/038/038967.mp3,1527,1,6,FALSE,
222,Low,manual_label_review,135990,Electronic,Hip-Hop,0.5778695940971380,0.1628366857767110,0.4150329232215880,data/fma_small/135/135990.mp3,7168,0,3,FALSE,
223,Low,manual_label_review,64365,Pop,International,0.5767061710357670,0.2462623119354250,0.3304438591003420,data/fma_small/064/064365.mp3,2788,6,5,FALSE,
224,Low,manual_label_review,61668,Hip-Hop,International,0.5749378800392150,0.1129726395010950,0.4177585244178770,data/fma_small/061/061668.mp3,2654,3,5,FALSE,
225,Low,manual_label_review,115002,Instrumental,Rock,0.5748568773269650,0.2113593369722370,0.3634975552558900,data/fma_small/115/115002.mp3,5436,4,7,FALSE,
226,Low,manual_label_review,127302,Pop,Rock,0.5740954279899600,0.2840907871723180,0.2900046408176420,data/fma_small/127/127302.mp3,6505,6,7,FALSE,
227,Low,manual_label_review,109976,Pop,Experimental,0.5732190608978270,0.2053008079528810,0.3679182529449460,data/fma_small/109/109976.mp3,4968,6,1,FALSE,
228,Low,manual_label_review,40659,Instrumental,International,0.5731115937232970,0.0117931989952921,0.1878161132335660,data/fma_small/040/040659.mp3,1596,4,5,FALSE,
229,Low,manual_label_review,22097,Pop,Folk,0.5724429488182070,0.0739004388451576,0.2989008724689480,data/fma_small/022/022097.mp3,924,6,2,FALSE,
230,Low,manual_label_review,14576,Instrumental,Pop,0.5715036392211910,0.2369465380907060,0.3345571160316470,data/fma_small/014/014576.mp3,697,4,6,FALSE,
231,Low,manual_label_review,141561,Hip-Hop,Pop,0.5707547664642330,0.3427684605121610,0.2279863059520720,data/fma_small/141/141561.mp3,7452,3,6,FALSE,
232,Low,manual_label_review,85420,Pop,Rock,0.5699954628944400,0.3747465312480930,0.195248931646347,data/fma_small/085/085420.mp3,3788,6,7,FALSE,
233,Low,manual_label_review,133020,Electronic,Instrumental,0.5681983828544620,0.1156240925192830,0.4348161816596990,data/fma_small/133/133020.mp3,6945,0,4,FALSE,
234,Low,manual_label_review,1735,Experimental,Folk,0.5664188265800480,0.0613840408623218,0.3489604592323300,data/fma_small/001/001735.mp3,113,1,2,FALSE,
235,Low,manual_label_review,64788,Pop,Experimental,0.566142737865448,0.0195733606815338,0.2056574523448940,data/fma_small/064/064788.mp3,2827,6,1,FALSE,
236,Low,manual_label_review,46158,Electronic,Instrumental,0.5658826231956480,0.0060442499816417,0.1787742972373960,data/fma_small/046/046158.mp3,1870,0,4,FALSE,
237,Low,manual_label_review,143215,Rock,Pop,0.5646543502807620,0.3205289840698240,0.2441253662109380,data/fma_small/143/143215.mp3,7576,7,6,FALSE,
238,Low,manual_label_review,85836,Electronic,Pop,0.5631254315376280,0.0487015359103679,0.4131323099136350,data/fma_small/085/085836.mp3,3835,0,6,FALSE,
239,Low,manual_label_review,104067,Pop,Rock,0.5617165565490720,0.2446450144052510,0.3170715570449830,data/fma_small/104/104067.mp3,4563,6,7,FALSE,
240,Low,manual_label_review,122190,Rock,Pop,0.5614112019538880,0.1136137247085570,0.3463994264602660,data/fma_small/122/122190.mp3,5959,7,6,FALSE,
241,Low,manual_label_review,117629,Folk,Rock,0.5597878098487850,0.0855215415358543,0.2538335919380190,data/fma_small/117/117629.mp3,5628,2,7,FALSE,
242,Low,manual_label_review,90027,Experimental,Instrumental,0.5582976937294010,0.3126421868801120,0.2456555068492890,data/fma_small/090/090027.mp3,4029,1,4,FALSE,
243,Low,manual_label_review,18887,Rock,Pop,0.5580693483352660,0.3673688471317290,0.190700501203537,data/fma_small/018/018887.mp3,831,7,6,FALSE,
244,Low,manual_label_review,56801,Electronic,Experimental,0.5549423694610600,0.029101513326168,0.4342773258686070,data/fma_small/056/056801.mp3,2425,0,1,FALSE,
245,Low,manual_label_review,126602,Experimental,Pop,0.5520153045654300,0.2216529846191410,0.330362319946289,data/fma_small/126/126602.mp3,6399,1,6,FALSE,
246,Low,manual_label_review,58116,Pop,Rock,0.5493338704109190,0.4186162054538730,0.1307176649570470,data/fma_small/058/058116.mp3,2496,6,7,FALSE,
247,Low,manual_label_review,132272,Experimental,Electronic,0.5477446913719180,0.3033506870269780,0.2443940043449400,data/fma_small/132/132272.mp3,6897,1,0,FALSE,
248,Low,manual_label_review,90589,Pop,Electronic,0.5467344522476200,0.1267677098512650,0.4199667572975160,data/fma_small/090/090589.mp3,4041,6,0,FALSE,
249,Low,manual_label_review,123977,Hip-Hop,Electronic,0.5465166568756100,0.1176627650856970,0.3660603165626530,data/fma_small/123/123977.mp3,6128,3,0,FALSE,
250,Low,manual_label_review,48450,Pop,Instrumental,0.5463671088218690,0.1039193272590640,0.2773893177509310,data/fma_small/048/048450.mp3,1967,6,4,FALSE,
251,Low,manual_label_review,122959,Experimental,Hip-Hop,0.5460238456726070,0.0569377057254314,0.3571066260337830,data/fma_small/122/122959.mp3,6049,1,3,FALSE,
252,Low,manual_label_review,22474,Pop,Folk,0.544454038143158,0.3459169566631320,0.1985370814800260,data/fma_small/022/022474.mp3,932,6,2,FALSE,
253,Low,manual_label_review,118489,Experimental,Pop,0.5421636700630190,0.132160797715187,0.3491369485855100,data/fma_small/118/118489.mp3,5678,1,6,FALSE,
254,Low,manual_label_review,24216,Experimental,Instrumental,0.5412176251411440,0.2165534347295760,0.3246641755104070,data/fma_small/024/024216.mp3,959,1,4,FALSE,
255,Low,manual_label_review,81782,Instrumental,Electronic,0.5411434173583980,0.444384902715683,0.0967585146427154,data/fma_small/081/081782.mp3,3648,4,0,FALSE,
256,Low,manual_label_review,47506,Folk,Pop,0.540252149105072,0.3410408198833470,0.1992113292217250,data/fma_small/047/047506.mp3,1922,2,6,FALSE,
257,Low,manual_label_review,40940,Rock,Pop,0.5371975898742680,0.3592580258846280,0.1779395639896390,data/fma_small/040/040940.mp3,1609,7,6,FALSE,
258,Low,manual_label_review,44946,International,Pop,0.5366451144218450,0.2202455252408980,0.3163995742797850,data/fma_small/044/044946.mp3,1814,5,6,FALSE,
259,Low,manual_label_review,53379,Hip-Hop,Pop,0.5364990830421450,0.2991640567779540,0.2373350262641910,data/fma_small/053/053379.mp3,2188,3,6,FALSE,
260,Low,manual_label_review,12527,Pop,Folk,0.5359682440757750,0.2926402986049650,0.2433279454708100,data/fma_small/012/012527.mp3,617,6,2,FALSE,
261,Low,manual_label_review,69223,Electronic,Hip-Hop,0.5335718393325810,0.1081009730696680,0.3820259273052220,data/fma_small/069/069223.mp3,3062,0,3,FALSE,
262,Low,manual_label_review,100799,Rock,Pop,0.5333206057548520,0.3574533760547640,0.1758672297000890,data/fma_small/100/100799.mp3,4522,7,6,FALSE,
263,Low,manual_label_review,136138,Folk,Experimental,0.5324397683143620,0.0961141064763069,0.3241974115371700,data/fma_small/136/136138.mp3,7174,2,1,FALSE,
264,Low,manual_label_review,108020,Instrumental,Experimental,0.5321069359779360,0.407592624425888,0.1245143115520480,data/fma_small/108/108020.mp3,4775,4,1,FALSE,
265,Low,manual_label_review,106569,Rock,Folk,0.53179931640625,0.0574232824146747,0.2933276295661930,data/fma_small/106/106569.mp3,4650,7,2,FALSE,
266,Low,manual_label_review,14603,International,Folk,0.5317162275314330,0.3643873035907750,0.1673289239406590,data/fma_small/014/014603.mp3,712,5,2,FALSE,
267,Low,manual_label_review,113275,International,Pop,0.5316944718360900,0.0042687314562499,0.1608827710151670,data/fma_small/113/113275.mp3,5250,5,6,FALSE,
268,Low,manual_label_review,142362,Hip-Hop,Rock,0.5285258293151860,0.0693740397691726,0.335417091846466,data/fma_small/142/142362.mp3,7507,3,7,FALSE,
269,Low,manual_label_review,140794,Folk,Electronic,0.5280663371086120,0.0254937186837196,0.1549230217933650,data/fma_small/140/140794.mp3,7400,2,0,FALSE,
270,Low,manual_label_review,34510,Experimental,Instrumental,0.5279918909072880,0.3647323548793790,0.1632595360279080,data/fma_small/034/034510.mp3,1334,1,4,FALSE,
271,Low,manual_label_review,75429,Instrumental,Experimental,0.5279605984687810,0.232571542263031,0.2953890562057500,data/fma_small/075/075429.mp3,3445,4,1,FALSE,
272,Low,manual_label_review,121313,Hip-Hop,Experimental,0.5264826416969300,0.0115395737811923,0.3510068655014040,data/fma_small/121/121313.mp3,5867,3,1,FALSE,
273,Low,manual_label_review,122201,Experimental,Instrumental,0.5263358950614930,0.3021645247936250,0.224171370267868,data/fma_small/122/122201.mp3,5961,1,4,FALSE,
274,Low,manual_label_review,64809,Folk,Experimental,0.5247700810432430,0.2157278507947920,0.30904221534729,data/fma_small/064/064809.mp3,2830,2,1,FALSE,
275,Low,manual_label_review,36659,Electronic,Instrumental,0.5245367288589480,0.045959785580635,0.2918514609336850,data/fma_small/036/036659.mp3,1399,0,4,FALSE,
276,Low,manual_label_review,46736,Pop,Rock,0.5210354328155520,0.3002723157405850,0.2207631170749660,data/fma_small/046/046736.mp3,1886,6,7,FALSE,
277,Low,manual_label_review,46611,Experimental,Hip-Hop,0.5208638310432430,0.0748874768614769,0.3416742086410520,data/fma_small/046/046611.mp3,1878,1,3,FALSE,
278,Low,manual_label_review,100544,Electronic,Experimental,0.5204376578330990,0.4480513036251070,0.0723863542079925,data/fma_small/100/100544.mp3,4517,0,1,FALSE,
279,Low,manual_label_review,108839,Hip-Hop,Pop,0.5197157263755800,0.1512725502252580,0.3350265622138980,data/fma_small/108/108839.mp3,4879,3,6,FALSE,
280,Low,manual_label_review,106948,Rock,Pop,0.5165458917617800,0.1224261224269870,0.2946999669075010,data/fma_small/106/106948.mp3,4658,7,6,FALSE,
281,Low,manual_label_review,126587,Instrumental,Pop,0.516170859336853,0.2169741839170460,0.2991966605186460,data/fma_small/126/126587.mp3,6393,4,6,FALSE,
282,Low,manual_label_review,139681,Experimental,Instrumental,0.5156015157699590,0.465288758277893,0.0503127574920654,data/fma_small/139/139681.mp3,7344,1,4,FALSE,
283,Low,manual_label_review,57627,Experimental,Instrumental,0.5136286616325380,0.2331967204809190,0.2804319262504580,data/fma_small/057/057627.mp3,2460,1,4,FALSE,
284,Low,manual_label_review,98077,Rock,Pop,0.5094928741455080,0.2870275974273680,0.2224652767181400,data/fma_small/098/098077.mp3,4388,7,6,FALSE,
285,Low,manual_label_review,89376,Experimental,Folk,0.5091635584831240,0.3570586740970610,0.1521048843860630,data/fma_small/089/089376.mp3,4001,1,2,FALSE,
286,Low,manual_label_review,56015,Experimental,Rock,0.5081655979156490,0.0683488547801971,0.312735915184021,data/fma_small/056/056015.mp3,2359,1,7,FALSE,
287,Low,manual_label_review,137171,Instrumental,Electronic,0.5081579089164730,0.3418530523777010,0.1663048565387730,data/fma_small/137/137171.mp3,7207,4,0,FALSE,
288,Low,manual_label_review,41709,Experimental,Pop,0.5068482756614690,0.0615168660879135,0.3203103542327880,data/fma_small/041/041709.mp3,1627,1,6,FALSE,
289,Low,manual_label_review,60045,International,Instrumental,0.5066413283348080,0.0483480542898178,0.1948865354061130,data/fma_small/060/060045.mp3,2588,5,4,FALSE,
290,Low,manual_label_review,56028,Electronic,Pop,0.5059351921081540,0.022848330438137,0.1630565226078030,data/fma_small/056/056028.mp3,2361,0,6,FALSE,
291,Low,manual_label_review,126598,Rock,International,0.5054778456687930,0.0519969873130321,0.2986741065979000,data/fma_small/126/126598.mp3,6396,7,5,FALSE,
292,Low,manual_label_review,73792,Pop,Rock,0.505100429058075,0.3458439409732820,0.1592564880847930,data/fma_small/073/073792.mp3,3355,6,7,FALSE,
293,Low,manual_label_review,130133,Electronic,Instrumental,0.5047518610954290,0.1636551618576050,0.2526925206184390,data/fma_small/130/130133.mp3,6722,0,4,FALSE,
294,Low,manual_label_review,91471,Pop,Rock,0.5041344165802000,0.2713876068592070,0.232746809720993,data/fma_small/091/091471.mp3,4109,6,7,FALSE,
295,Low,manual_label_review,126674,Rock,Pop,0.5034593939781190,0.0462600737810134,0.0948891043663024,data/fma_small/126/126674.mp3,6414,7,6,FALSE,
296,Low,manual_label_review,12049,Folk,Instrumental,0.5026270747184750,0.1548096388578420,0.3350682258605960,data/fma_small/012/012049.mp3,568,2,4,FALSE,
297,Low,manual_label_review,121475,Instrumental,Experimental,0.5012238621711730,0.2711673378944400,0.2300565242767330,data/fma_small/121/121475.mp3,5890,4,1,FALSE,
298,Low,manual_label_review,57639,Folk,International,0.4990452229976650,0.0589972473680973,0.2320430874824520,data/fma_small/057/057639.mp3,2464,2,5,FALSE,
299,Low,manual_label_review,123975,Hip-Hop,Electronic,0.497725635766983,0.2900284826755520,0.2076971530914310,data/fma_small/123/123975.mp3,6126,3,0,FALSE,
300,Low,manual_label_review,13362,Pop,International,0.4965373277664180,0.3051555752754210,0.1913817524909970,data/fma_small/013/013362.mp3,639,6,5,FALSE,
301,Low,manual_label_review,107571,Folk,Pop,0.4954149723052980,0.2082951217889790,0.2871198654174800,data/fma_small/107/107571.mp3,4723,2,6,FALSE,
302,Low,manual_label_review,70873,Pop,Instrumental,0.4947884976863860,0.0116232121363282,0.0613666176795959,data/fma_small/070/070873.mp3,3139,6,4,FALSE,
303,Low,manual_label_review,22476,Pop,Rock,0.4946917295455930,0.2714457213878630,0.2232460081577300,data/fma_small/022/022476.mp3,934,6,7,FALSE,
304,Low,manual_label_review,130758,Folk,Experimental,0.4933438301086430,0.3390692174434660,0.1542746126651760,data/fma_small/130/130758.mp3,6755,2,1,FALSE,
305,Low,manual_label_review,4102,International,Rock,0.4929783344268800,0.3492091596126560,0.1437691748142240,data/fma_small/004/004102.mp3,210,5,7,FALSE,
306,Low,manual_label_review,25804,International,Pop,0.4917000532150270,0.4595024585723880,0.0321975946426391,data/fma_small/025/025804.mp3,1048,5,6,FALSE,
307,Low,manual_label_review,43860,Hip-Hop,Experimental,0.489802211523056,0.1079615950584410,0.1295365095138550,data/fma_small/043/043860.mp3,1757,3,1,FALSE,
308,Low,manual_label_review,6802,International,Pop,0.48714080452919,0.0427484847605228,0.1199989914894100,data/fma_small/006/006802.mp3,333,5,6,FALSE,
309,Low,manual_label_review,116029,Electronic,Pop,0.4865807592868810,0.0660133436322212,0.2145549654960630,data/fma_small/116/116029.mp3,5512,0,6,FALSE,
310,Low,manual_label_review,145742,Hip-Hop,International,0.4856666028499600,0.4539128541946410,0.0317537486553192,data/fma_small/145/145742.mp3,7731,3,5,FALSE,
311,Low,manual_label_review,97793,Experimental,Pop,0.4853024482727050,0.2666954100131990,0.2186070382595060,data/fma_small/097/097793.mp3,4360,1,6,FALSE,
312,Low,manual_label_review,143217,Rock,Folk,0.4848614633083340,0.0440083257853984,0.1495798528194430,data/fma_small/143/143217.mp3,7578,7,2,FALSE,
313,Low,manual_label_review,145477,Instrumental,Experimental,0.4842033088207250,0.1224799752235410,0.2882243990898130,data/fma_small/145/145477.mp3,7698,4,1,FALSE,
314,Low,manual_label_review,113787,Instrumental,Electronic,0.4840881526470180,0.4372963905334470,0.0467917621135711,data/fma_small/113/113787.mp3,5288,4,0,FALSE,
315,Low,manual_label_review,39664,Pop,International,0.4822219908237460,0.4324027597904210,0.0498192310333251,data/fma_small/039/039664.mp3,1550,6,5,FALSE,
316,Low,manual_label_review,136276,Instrumental,Rock,0.4809230864048000,0.0646854117512703,0.1279826164245610,data/fma_small/136/136276.mp3,7176,4,7,FALSE,
317,Low,manual_label_review,133978,Instrumental,Rock,0.4805895984172820,0.0778291895985603,0.3092984557151790,data/fma_small/133/133978.mp3,7049,4,7,FALSE,
318,Low,manual_label_review,26307,Experimental,Pop,0.4805087149143220,0.3081996142864230,0.1723091006278990,data/fma_small/026/026307.mp3,1071,1,6,FALSE,
319,Low,manual_label_review,57629,Experimental,Rock,0.4803527891635900,0.4219025373458860,0.0584502518177032,data/fma_small/057/057629.mp3,2462,1,7,FALSE,
320,Low,manual_label_review,19891,International,Experimental,0.4801959693431850,0.2154719084501270,0.2647240757942200,data/fma_small/019/019891.mp3,865,5,1,FALSE,
321,Low,manual_label_review,51260,Pop,Electronic,0.478454440832138,0.4337258338928220,0.0447286069393157,data/fma_small/051/051260.mp3,2064,6,0,FALSE,
322,Low,manual_label_review,122498,Pop,Instrumental,0.4784318506717680,0.0588569082319736,0.1094136238098140,data/fma_small/122/122498.mp3,5989,6,4,FALSE,
323,Low,manual_label_review,127191,Folk,Pop,0.4771954119205480,0.0905525013804435,0.159547209739685,data/fma_small/127/127191.mp3,6461,2,6,FALSE,
324,Low,manual_label_review,122675,Instrumental,Pop,0.4769380092620850,0.0200321841984987,0.2556225061416630,data/fma_small/122/122675.mp3,6026,4,6,FALSE,
325,Low,manual_label_review,51918,Folk,Pop,0.4729879200458530,0.3297373652458190,0.1432505548000340,data/fma_small/051/051918.mp3,2091,2,6,FALSE,
326,Low,manual_label_review,147086,Experimental,Pop,0.4727453291416170,0.0712809637188911,0.2667530179023740,data/fma_small/147/147086.mp3,7801,1,6,FALSE,
327,Low,manual_label_review,45151,Electronic,Hip-Hop,0.4716769158840180,0.2595901191234590,0.212086796760559,data/fma_small/045/045151.mp3,1835,0,3,FALSE,
328,Low,manual_label_review,110653,Instrumental,Experimental,0.4713760316371920,0.0587024986743927,0.2981257438659670,data/fma_small/110/110653.mp3,5037,4,1,FALSE,
329,Low,manual_label_review,86576,Experimental,International,0.4649885594844820,0.0713392347097396,0.2381770312786100,data/fma_small/086/086576.mp3,3883,1,5,FALSE,
330,Low,manual_label_review,38560,International,Pop,0.4648226201534270,0.0329607017338275,0.2524985074996950,data/fma_small/038/038560.mp3,1462,5,6,FALSE,
331,Low,manual_label_review,82890,Experimental,Instrumental,0.4633696973323820,0.2769500315189360,0.186419665813446,data/fma_small/082/082890.mp3,3678,1,4,FALSE,
332,Low,manual_label_review,993,Rock,Pop,0.459336370229721,0.0601846426725387,0.1351738572120670,data/fma_small/000/000993.mp3,58,7,6,FALSE,
333,Low,manual_label_review,120296,Instrumental,Pop,0.4592301845550540,0.2643173038959500,0.1949128806591030,data/fma_small/120/120296.mp3,5801,4,6,FALSE,
334,Low,manual_label_review,63257,Folk,Rock,0.4590455591678620,0.0330291949212551,0.2632415294647220,data/fma_small/063/063257.mp3,2738,2,7,FALSE,
335,Low,manual_label_review,148609,Pop,Rock,0.4588935375213620,0.370448499917984,0.0884450376033783,data/fma_small/148/148609.mp3,7899,6,7,FALSE,
336,Low,manual_label_review,106937,Folk,Experimental,0.4559202194213870,0.3614860475063320,0.0944341719150543,data/fma_small/106/106937.mp3,4657,2,1,FALSE,
337,Low,manual_label_review,56034,Electronic,Hip-Hop,0.4542354643344880,0.0275891553610563,0.2302688211202620,data/fma_small/056/056034.mp3,2366,0,3,FALSE,
338,Low,manual_label_review,46068,Experimental,Pop,0.4539088308811190,0.0182565934956073,0.1498105525970460,data/fma_small/046/046068.mp3,1866,1,6,FALSE,
339,Low,manual_label_review,120313,Instrumental,Experimental,0.4522304832935330,0.0615589618682861,0.1081744730472560,data/fma_small/120/120313.mp3,5816,4,1,FALSE,
340,Low,manual_label_review,82464,Rock,Pop,0.4519137442111970,0.1363451480865480,0.2457596361637120,data/fma_small/082/082464.mp3,3667,7,6,FALSE,
341,Low,manual_label_review,90824,Pop,Rock,0.4515865743160250,0.2938955724239350,0.1576910018920900,data/fma_small/090/090824.mp3,4053,6,7,FALSE,
342,Low,manual_label_review,37369,Pop,Instrumental,0.4507814347743990,0.2872328162193300,0.1635486185550690,data/fma_small/037/037369.mp3,1429,6,4,FALSE,
343,Low,manual_label_review,111395,Pop,Hip-Hop,0.4495894610881810,0.4220948219299320,0.0274946391582489,data/fma_small/111/111395.mp3,5118,6,3,FALSE,
344,Low,manual_label_review,101119,International,Pop,0.4492997229099270,0.0255326088517904,0.1003893017768860,data/fma_small/101/101119.mp3,4536,5,6,FALSE,
345,Low,manual_label_review,97980,Hip-Hop,Pop,0.447599321603775,0.3552499711513520,0.0923493504524231,data/fma_small/097/097980.mp3,4379,3,6,FALSE,
346,Low,manual_label_review,148076,International,Electronic,0.4475750923156740,0.2374088317155840,0.21016626060009,data/fma_small/148/148076.mp3,7827,5,0,FALSE,
347,Low,manual_label_review,38782,International,Folk,0.4473212659358980,0.2819252908229830,0.165395975112915,data/fma_small/038/038782.mp3,1470,5,2,FALSE,
348,Low,manual_label_review,107804,Electronic,Hip-Hop,0.4461830556392670,0.0315829552710056,0.1940017342567440,data/fma_small/107/107804.mp3,4746,0,3,FALSE,
349,Low,manual_label_review,122620,Rock,Folk,0.4432523250579830,0.0784273445606231,0.0247141420841217,data/fma_small/122/122620.mp3,6000,7,2,FALSE,
350,Low,manual_label_review,124918,Electronic,Pop,0.4429784715175630,0.0561936646699905,0.2565493583679200,data/fma_small/124/124918.mp3,6195,0,6,FALSE,
351,Low,manual_label_review,108460,Pop,International,0.4428772032260900,0.3477797508239750,0.0950974524021148,data/fma_small/108/108460.mp3,4830,6,5,FALSE,
352,Low,manual_label_review,105672,Electronic,Experimental,0.4420346021652220,0.0913220345973968,0.2367989271879200,data/fma_small/105/105672.mp3,4602,0,1,FALSE,
353,Low,manual_label_review,24701,International,Experimental,0.4414113461971280,0.4341187477111820,0.0072925984859466,data/fma_small/024/024701.mp3,993,5,1,FALSE,
354,Low,manual_label_review,147085,Experimental,Pop,0.4411307871341710,0.2056083232164380,0.2355224639177320,data/fma_small/147/147085.mp3,7800,1,6,FALSE,
355,Low,manual_label_review,29043,Electronic,Hip-Hop,0.4399171769618990,0.3009904623031620,0.1389267146587370,data/fma_small/029/029043.mp3,1175,0,3,FALSE,
356,Low,manual_label_review,115764,Rock,Experimental,0.4395915567874910,0.077075071632862,0.2347255796194080,data/fma_small/115/115764.mp3,5478,7,1,FALSE,
357,Low,manual_label_review,25063,Experimental,Pop,0.4395612776279450,0.0596993453800678,0.2434573620557790,data/fma_small/025/025063.mp3,1022,1,6,FALSE,
358,Low,manual_label_review,32759,Pop,Folk,0.4391013085842130,0.0508817099034786,0.1200124025344850,data/fma_small/032/032759.mp3,1294,6,2,FALSE,
359,Low,manual_label_review,94449,Hip-Hop,Experimental,0.4386708438396450,0.12773098051548,0.0397756993770599,data/fma_small/094/094449.mp3,4245,3,1,FALSE,
360,Low,manual_label_review,127194,Folk,Pop,0.4335500001907350,0.2478102445602420,0.1776455640792850,data/fma_small/127/127194.mp3,6464,2,6,FALSE,
361,Low,manual_label_review,39357,International,Electronic,0.432917445898056,0.1619495153427120,0.210075095295906,data/fma_small/039/039357.mp3,1536,5,0,FALSE,
362,Low,manual_label_review,117884,Rock,Pop,0.4317463338375090,0.4246323108673100,0.0071140229701995,data/fma_small/117/117884.mp3,5639,7,6,FALSE,
363,Low,manual_label_review,104725,Experimental,Folk,0.4291110932827000,0.2616653144359590,0.1674457788467410,data/fma_small/104/104725.mp3,4580,1,2,FALSE,
364,Low,manual_label_review,111311,Rock,Experimental,0.4289670288562770,0.3059987723827360,0.1229682564735410,data/fma_small/111/111311.mp3,5096,7,1,FALSE,
365,Low,manual_label_review,64594,Experimental,Electronic,0.4278818070888520,0.225202277302742,0.2026795297861100,data/fma_small/064/064594.mp3,2814,1,0,FALSE,
366,Low,manual_label_review,152253,International,Instrumental,0.4271534979343410,0.0804837867617607,0.0453572273254394,data/fma_small/152/152253.mp3,7968,5,4,FALSE,
367,Low,manual_label_review,80389,Instrumental,Experimental,0.4237954318523410,0.1952837258577350,0.1056623458862300,data/fma_small/080/080389.mp3,3580,4,1,FALSE,
368,Low,manual_label_review,19418,Pop,Hip-Hop,0.422792911529541,0.1034456491470340,0.2402770668268200,data/fma_small/019/019418.mp3,843,6,3,FALSE,
369,Low,manual_label_review,714,Folk,Instrumental,0.422360748052597,0.029583066701889,0.1382165849208830,data/fma_small/000/000714.mp3,45,2,4,FALSE,
370,Low,manual_label_review,41310,Folk,Experimental,0.4218605458736420,0.1248561516404150,0.0994489789009094,data/fma_small/041/041310.mp3,1621,2,1,FALSE,
371,Low,manual_label_review,67661,Rock,Electronic,0.4212469160556790,0.0112191140651702,0.0114752650260925,data/fma_small/067/067661.mp3,2966,7,0,FALSE,
372,Low,manual_label_review,75437,Instrumental,Pop,0.4210604131221770,0.0395308174192905,0.1737817674875260,data/fma_small/075/075437.mp3,3453,4,6,FALSE,
373,Low,manual_label_review,90618,Instrumental,Folk,0.420436292886734,0.4190388023853300,0.0013974905014038,data/fma_small/090/090618.mp3,4047,4,2,FALSE,
374,Low,manual_label_review,65756,Pop,Rock,0.4180313050746920,0.3978553712368010,0.0201759338378906,data/fma_small/065/065756.mp3,2879,6,7,FALSE,
375,Low,manual_label_review,27855,Folk,Rock,0.4179041385650640,0.0552183985710144,0.1405371725559230,data/fma_small/027/027855.mp3,1136,2,7,FALSE,
376,Low,manual_label_review,97548,Electronic,International,0.4176292717456820,0.1913550347089770,0.226274237036705,data/fma_small/097/097548.mp3,4346,0,5,FALSE,
377,Low,manual_label_review,148082,Experimental,Folk,0.4169236123561860,0.0570898205041885,0.2555688619613650,data/fma_small/148/148082.mp3,7831,1,2,FALSE,
378,Low,manual_label_review,136706,Rock,Pop,0.4155833423137670,0.3018379807472230,0.1137453615665440,data/fma_small/136/136706.mp3,7192,7,6,FALSE,
379,Low,manual_label_review,98297,Rock,Pop,0.4124650061130520,0.2748431861400600,0.1376218199729920,data/fma_small/098/098297.mp3,4402,7,6,FALSE,
380,Low,manual_label_review,54234,Pop,Folk,0.4122258424758910,0.2213069945573810,0.1909188479185100,data/fma_small/054/054234.mp3,2235,6,2,FALSE,
381,Low,manual_label_review,55290,Pop,Folk,0.4114628136157990,0.0937062501907348,0.1672215908765790,data/fma_small/055/055290.mp3,2317,6,2,FALSE,
382,Low,manual_label_review,135028,Folk,International,0.4095198214054110,0.3983827531337740,0.0111370682716369,data/fma_small/135/135028.mp3,7129,2,5,FALSE,
383,Low,manual_label_review,64625,Hip-Hop,Pop,0.4086388051509860,0.0454012341797351,0.2034505307674410,data/fma_small/064/064625.mp3,2818,3,6,FALSE,
384,Low,manual_label_review,144733,Electronic,Rock,0.4075206220149990,0.0074989167042076,0.2251370996236800,data/fma_small/144/144733.mp3,7648,0,7,FALSE,
385,Low,manual_label_review,51919,Folk,Pop,0.4048007726669310,0.2313924431800840,0.1734083294868470,data/fma_small/051/051919.mp3,2092,2,6,FALSE,
386,Low,manual_label_review,98621,Hip-Hop,Rock,0.4047597646713260,0.0262803342193365,0.1153657734394070,data/fma_small/098/098621.mp3,4444,3,7,FALSE,
387,Low,manual_label_review,142641,Instrumental,Electronic,0.4024585485458370,0.1473838835954670,0.1548637002706530,data/fma_small/142/142641.mp3,7549,4,0,FALSE,
388,Low,manual_label_review,114069,Instrumental,Experimental,0.3999959528446200,0.333305686712265,0.0666902661323547,data/fma_small/114/114069.mp3,5329,4,1,FALSE,
389,Low,manual_label_review,67361,Pop,Rock,0.3976006507873540,0.3737123906612400,0.0238882601261138,data/fma_small/067/067361.mp3,2942,6,7,FALSE,
390,Low,manual_label_review,90529,Instrumental,Folk,0.3972295820713040,0.3304955065250400,0.0667340755462646,data/fma_small/090/090529.mp3,4034,4,2,FALSE,
391,Low,manual_label_review,29813,Rock,Pop,0.3940394818782810,0.1315643638372420,0.2133715450763700,data/fma_small/029/029813.mp3,1212,7,6,FALSE,
392,Low,manual_label_review,148132,Instrumental,Hip-Hop,0.3939798176288610,0.2225366830825810,0.1063519120216370,data/fma_small/148/148132.mp3,7841,4,3,FALSE,
393,Low,manual_label_review,79087,Experimental,Instrumental,0.3919153213500980,0.1925130486488340,0.0215570628643035,data/fma_small/079/079087.mp3,3553,1,4,FALSE,
394,Low,manual_label_review,45515,Folk,Experimental,0.3915541172027590,0.3572020232677460,0.0343520939350128,data/fma_small/045/045515.mp3,1852,2,1,FALSE,
395,Low,manual_label_review,14653,Rock,Folk,0.3907581269741060,0.0626215115189552,0.0001640319824218,data/fma_small/014/014653.mp3,714,7,2,FALSE,
396,Low,manual_label_review,143186,Experimental,International,0.3906863927841190,0.0299892593175172,0.0268186032772064,data/fma_small/143/143186.mp3,7574,1,5,FALSE,
397,Low,manual_label_review,65265,Experimental,Pop,0.388423889875412,0.0770771726965904,0.1598312556743620,data/fma_small/065/065265.mp3,2871,1,6,FALSE,
398,Low,manual_label_review,109276,Experimental,Instrumental,0.3880775272846220,0.2197598963975910,0.1615971177816390,data/fma_small/109/109276.mp3,4919,1,4,FALSE,
399,Low,manual_label_review,30198,Experimental,Electronic,0.3877022266387940,0.1865168064832690,0.1343894302845000,data/fma_small/030/030198.mp3,1226,1,0,FALSE,
400,Low,manual_label_review,114042,Hip-Hop,Instrumental,0.3864975869655610,0.2995385229587560,0.0869590640068054,data/fma_small/114/114042.mp3,5314,3,4,FALSE,
401,Low,manual_label_review,35571,Rock,Pop,0.3862446546554570,0.1973456889390950,0.1402945965528490,data/fma_small/035/035571.mp3,1362,7,6,FALSE,
402,Low,manual_label_review,136994,International,Pop,0.3855303525924680,0.2450741380453110,0.1404562145471570,data/fma_small/136/136994.mp3,7197,5,6,FALSE,
403,Low,manual_label_review,182,Rock,Pop,0.3855025470256810,0.187475323677063,0.1672268062829970,data/fma_small/000/000182.mp3,6,7,6,FALSE,
404,Low,manual_label_review,131789,Instrumental,Hip-Hop,0.3853868544101720,0.0184905380010604,0.1213898956775670,data/fma_small/131/131789.mp3,6834,4,3,FALSE,
405,Low,manual_label_review,133977,Instrumental,Pop,0.3827030956745150,0.1365498304367070,0.125621348619461,data/fma_small/133/133977.mp3,7048,4,6,FALSE,
406,Low,manual_label_review,122107,Experimental,Electronic,0.3824476301670070,0.0215529073029756,0.1851320415735240,data/fma_small/122/122107.mp3,5952,1,0,FALSE,
407,Low,manual_label_review,75745,Hip-Hop,Folk,0.3822847306728360,0.1289766877889630,0.1483175605535510,data/fma_small/075/075745.mp3,3463,3,2,FALSE,
408,Low,manual_label_review,52375,Pop,Hip-Hop,0.3819893896579740,0.1210285425186160,0.0716521739959716,data/fma_small/052/052375.mp3,2124,6,3,FALSE,
409,Low,manual_label_review,70300,Electronic,Pop,0.381883293390274,0.0340040624141693,0.1354684382677080,data/fma_small/070/070300.mp3,3117,0,6,FALSE,
410,Low,manual_label_review,75785,Rock,International,0.3785323202610020,0.0413214676082134,0.1698690503835680,data/fma_small/075/075785.mp3,3479,7,5,FALSE,
411,Low,manual_label_review,56496,Hip-Hop,International,0.3768587112426760,0.0802622810006141,0.1295258849859240,data/fma_small/056/056496.mp3,2386,3,5,FALSE,
412,Low,manual_label_review,3921,Folk,Pop,0.3742488920688630,0.3665263652801510,0.0077225267887115,data/fma_small/003/003921.mp3,178,2,6,FALSE,
413,Low,manual_label_review,51333,Folk,Pop,0.374098926782608,0.1725331991910930,0.1282912790775300,data/fma_small/051/051333.mp3,2083,2,6,FALSE,
414,Low,manual_label_review,85840,Electronic,Instrumental,0.3740940392017360,0.2715576887130740,0.1025363504886630,data/fma_small/085/085840.mp3,3839,0,4,FALSE,
415,Low,manual_label_review,109191,Instrumental,Electronic,0.3733827173709870,0.0834141746163368,0.1239684969186780,data/fma_small/109/109191.mp3,4916,4,0,FALSE,
416,Low,manual_label_review,20050,Rock,Folk,0.3723186254501340,0.0603592507541179,0.066225916147232,data/fma_small/020/020050.mp3,866,7,2,FALSE,
417,Low,manual_label_review,32756,Folk,Pop,0.3691134452819820,0.1587771624326710,0.1660805493593220,data/fma_small/032/032756.mp3,1293,2,6,FALSE,
418,Low,manual_label_review,72200,Electronic,Pop,0.366720050573349,0.2355424016714100,0.1311776489019390,data/fma_small/072/072200.mp3,3236,0,6,FALSE,
419,Low,manual_label_review,1276,Experimental,Pop,0.3643109798431400,0.2197672128677370,0.1445437669754030,data/fma_small/001/001276.mp3,79,1,6,FALSE,
420,Low,manual_label_review,122648,Instrumental,Folk,0.3618209064006810,0.1352361142635350,0.1236874014139180,data/fma_small/122/122648.mp3,6019,4,2,FALSE,
421,Low,manual_label_review,125375,Pop,International,0.3609919548034670,0.2005556225776670,0.1604363322258000,data/fma_small/125/125375.mp3,6242,6,5,FALSE,
422,Low,manual_label_review,32695,Hip-Hop,Electronic,0.3600219488143920,0.2037269473075870,0.1562950015068050,data/fma_small/032/032695.mp3,1291,3,0,FALSE,
423,Low,manual_label_review,11784,Hip-Hop,Electronic,0.3596451580524440,0.3265704214572910,0.0330747365951538,data/fma_small/011/011784.mp3,532,3,0,FALSE,
424,Low,manual_label_review,4091,International,Rock,0.3590961992740630,0.0980161428451538,0.0274085998535156,data/fma_small/004/004091.mp3,199,5,7,FALSE,
425,Low,manual_label_review,52039,Pop,Electronic,0.3563743829727170,0.2111681699752810,0.0283630490303039,data/fma_small/052/052039.mp3,2105,6,0,FALSE,
426,Low,manual_label_review,16995,Rock,Folk,0.3546101152896880,0.1278366595506670,0.1576654016971590,data/fma_small/016/016995.mp3,779,7,2,FALSE,
427,Low,manual_label_review,63289,Instrumental,Experimental,0.3539360463619230,0.2617461383342740,0.0351156592369079,data/fma_small/063/063289.mp3,2741,4,1,FALSE,
428,Low,manual_label_review,71175,Hip-Hop,Pop,0.3534007966518400,0.3404770791530610,0.0129237174987792,data/fma_small/071/071175.mp3,3150,3,6,FALSE,
429,Low,manual_label_review,118923,Electronic,Experimental,0.3511512279510500,0.0649817436933517,0.0336117446422576,data/fma_small/118/118923.mp3,5704,0,1,FALSE,
430,Low,manual_label_review,26658,Electronic,Rock,0.3476152122020720,0.2377198934555050,0.1098953187465670,data/fma_small/026/026658.mp3,1093,0,7,FALSE,
431,Low,manual_label_review,69768,Folk,Instrumental,0.3466802835464480,0.3203546106815340,0.0263256728649139,data/fma_small/069/069768.mp3,3086,2,4,FALSE,
432,Low,manual_label_review,74373,Experimental,Instrumental,0.3451947867870330,0.0357854217290878,0.1024372428655620,data/fma_small/074/074373.mp3,3371,1,4,FALSE,
433,Low,manual_label_review,99311,Electronic,Pop,0.3421962559223180,0.1367735415697100,0.0492616295814514,data/fma_small/099/099311.mp3,4475,0,6,FALSE,
434,Low,manual_label_review,127204,Pop,Rock,0.3399946987628940,0.2310314029455190,0.0697501003742218,data/fma_small/127/127204.mp3,6466,6,7,FALSE,
435,Low,manual_label_review,1102,Rock,International,0.3382344245910640,0.1712802201509480,0.1669542044401170,data/fma_small/001/001102.mp3,71,7,5,FALSE,
436,Low,manual_label_review,38557,Rock,International,0.3371878862380980,0.1909379810094830,0.1282646209001540,data/fma_small/038/038557.mp3,1461,7,5,FALSE,
437,Low,manual_label_review,121312,Hip-Hop,Experimental,0.3357929289340970,0.2853278219699860,0.0504651069641113,data/fma_small/121/121312.mp3,5866,3,1,FALSE,
438,Low,manual_label_review,10672,Rock,Hip-Hop,0.3321270644664760,0.1615078598260880,0.1245301663875580,data/fma_small/010/010672.mp3,448,7,3,FALSE,
439,Low,manual_label_review,123003,Electronic,Folk,0.3279101550579070,0.1132037937641140,0.1171547323465350,data/fma_small/123/123003.mp3,6054,0,2,FALSE,
440,Low,manual_label_review,33123,Electronic,Instrumental,0.3265783488750460,0.0465161949396133,0.0969018638134002,data/fma_small/033/033123.mp3,1308,0,4,FALSE,
441,Low,manual_label_review,26754,Pop,Experimental,0.3238193988800050,0.2889852821826940,0.0084376633167266,data/fma_small/026/026754.mp3,1097,6,1,FALSE,
442,Low,manual_label_review,63900,Hip-Hop,Folk,0.3227835595607760,0.0500569231808185,0.0869457274675369,data/fma_small/063/063900.mp3,2762,3,2,FALSE,
443,Low,manual_label_review,114401,Rock,Folk,0.321751981973648,0.1471585482358930,0.1289796978235240,data/fma_small/114/114401.mp3,5394,7,2,FALSE,
444,Low,manual_label_review,10186,International,Pop,0.3181292116642000,0.0505118183791637,0.0276324152946472,data/fma_small/010/010186.mp3,409,5,6,FALSE,
445,Low,manual_label_review,123273,Rock,International,0.3154759705066680,0.0536894239485263,0.124468058347702,data/fma_small/123/123273.mp3,6061,7,5,FALSE,
446,Low,manual_label_review,83507,Pop,Folk,0.3146599233150480,0.2370837181806560,0.0775762051343917,data/fma_small/083/083507.mp3,3698,6,2,FALSE,
447,Low,manual_label_review,12047,Folk,Instrumental,0.3133577406406400,0.2387194186449050,0.0658139735460281,data/fma_small/012/012047.mp3,566,2,4,FALSE,
448,Low,manual_label_review,75443,Instrumental,Folk,0.3107925951480870,0.210954949259758,0.0536547005176544,data/fma_small/075/075443.mp3,3459,4,2,FALSE,
449,Low,manual_label_review,4101,International,Pop,0.3098697960376740,0.2586048543453220,0.0324193239212036,data/fma_small/004/004101.mp3,209,5,6,FALSE,
450,Low,manual_label_review,64553,Folk,Experimental,0.308976799249649,0.1962093561887740,0.1127674430608750,data/fma_small/064/064553.mp3,2807,2,1,FALSE,
451,Low,manual_label_review,93727,Electronic,Pop,0.3067972660064700,0.2480138093233110,0.0268513858318328,data/fma_small/093/093727.mp3,4204,0,6,FALSE,
452,Low,manual_label_review,56648,Rock,Pop,0.304037481546402,0.2320830076932910,0.0719544738531112,data/fma_small/056/056648.mp3,2404,7,6,FALSE,
453,Low,manual_label_review,27975,International,Instrumental,0.301212340593338,0.1926575452089310,0.0320367217063903,data/fma_small/027/027975.mp3,1141,5,4,FALSE,
454,Low,manual_label_review,113970,Electronic,Pop,0.2994141280651090,0.1995020508766170,0.0999120771884918,data/fma_small/113/113970.mp3,5304,0,6,FALSE,
455,Low,manual_label_review,111394,Pop,Hip-Hop,0.2910598814487460,0.2572722434997560,0.0306863188743591,data/fma_small/111/111394.mp3,5117,6,3,FALSE,
456,Low,manual_label_review,146018,Instrumental,Experimental,0.2908297777175900,0.0343781970441341,0.1151757091283800,data/fma_small/146/146018.mp3,7758,4,1,FALSE,
457,Low,manual_label_review,149842,Experimental,Electronic,0.2887064814567570,0.0608869902789592,0.0912939459085464,data/fma_small/149/149842.mp3,7947,1,0,FALSE,
458,Low,manual_label_review,66649,Pop,Rock,0.2882601618766780,0.2584693729877470,0.0297907888889312,data/fma_small/066/066649.mp3,2912,6,7,FALSE,
459,Low,manual_label_review,132781,Pop,Experimental,0.2824451625347140,0.2184616327285770,0.0353177487850189,data/fma_small/132/132781.mp3,6923,6,1,FALSE,
460,Low,manual_label_review,56802,Electronic,Instrumental,0.2804080247879030,0.1157798767089840,0.0648879259824752,data/fma_small/056/056802.mp3,2426,0,4,FALSE,
461,Low,manual_label_review,4095,International,Rock,0.2793150842189790,0.1215847954154010,0.0862744748592376,data/fma_small/004/004095.mp3,203,5,7,FALSE,
462,Low,manual_label_review,57821,Hip-Hop,Electronic,0.2788034677505490,0.0403304547071456,0.0106588304042816,data/fma_small/057/057821.mp3,2476,3,0,FALSE,
463,Low,manual_label_review,110649,Instrumental,Pop,0.2716050446033480,0.1039823591709140,0.0650664865970611,data/fma_small/110/110649.mp3,5033,4,6,FALSE,
464,Low,manual_label_review,124424,Folk,Experimental,0.2640601694583890,0.2367586642503740,0.0273015052080154,data/fma_small/124/124424.mp3,6154,2,1,FALSE,
465,Low,manual_label_review,148429,International,Rock,0.253356784582138,0.152809202671051,0.0143283307552337,data/fma_small/148/148429.mp3,7871,5,7,FALSE,
466,Low,manual_label_review,126415,Instrumental,International,0.2511152029037480,0.1826805919408800,0.0075650215148925,data/fma_small/126/126415.mp3,6362,4,5,FALSE,
467,Low,manual_label_review,67332,Pop,Rock,0.2510488927364350,0.1885469406843190,0.0178618133068084,data/fma_small/067/067332.mp3,2934,6,7,FALSE,
468,Low,manual_label_review,110654,Instrumental,Rock,0.2506173551082610,0.0856174305081367,0.0172244757413864,data/fma_small/110/110654.mp3,5038,4,7,FALSE,
469,Low,manual_label_review,76129,Pop,International,0.2269016355276110,0.223364308476448,0.0035373270511627,data/fma_small/076/076129.mp3,3516,6,5,FALSE,