model,epoch,train_loss,train_acc,val_loss,val_acc,val_f1,lr
Moderately Regularised CNN - SpecAugment,1,2.0663769611837997,0.16513582177056868,2.0982139110565186,0.125,0.027777777777777776,0.001
Moderately Regularised CNN - SpecAugment,2,1.9856369353281886,0.22532734023842094,2.139342021942139,0.12734375,0.04426407324835792,0.001
Moderately Regularised CNN - SpecAugment,3,1.9344555684451785,0.2714481141293727,2.11253342628479,0.20703125,0.11844096486430714,0.001
Moderately Regularised CNN - SpecAugment,4,1.9016860732348235,0.3033027164354114,2.0888301849365236,0.209375,0.13316968355189457,0.001
Moderately Regularised CNN - SpecAugment,5,1.8638046126079577,0.31854602306038693,1.8356465578079224,0.32890625,0.265692151558288,0.001
Moderately Regularised CNN - SpecAugment,6,1.8249308579317964,0.3429743990619504,1.7373199701309203,0.40234375,0.3487068931260738,0.001
Moderately Regularised CNN - SpecAugment,7,1.7999347736063427,0.3625170998632011,1.7368244409561158,0.39765625,0.3481012874170147,0.001
Moderately Regularised CNN - SpecAugment,8,1.7747769949840153,0.3801055305843268,1.7793484687805177,0.38125,0.35193605119768323,0.001
Moderately Regularised CNN - SpecAugment,9,1.7666316741328698,0.38284150869650185,1.6968295097351074,0.42109375,0.38483824530509214,0.001
Moderately Regularised CNN - SpecAugment,10,1.7542669649163285,0.3890951729529021,1.723709726333618,0.42421875,0.3818278561786866,0.001
Moderately Regularised CNN - SpecAugment,11,1.731925681067417,0.3924174320891147,1.66771399974823,0.44375,0.4109792542191324,0.001
Moderately Regularised CNN - SpecAugment,12,1.7231362739857086,0.4057064686339652,1.6470056772232056,0.45078125,0.41417069411865104,0.001
Moderately Regularised CNN - SpecAugment,13,1.7109994416314223,0.41801837013875315,1.6237559080123902,0.465625,0.42855437344142683,0.001
Moderately Regularised CNN - SpecAugment,14,1.7159112126468004,0.41782294313074064,1.6470136642456055,0.44375,0.407982133344492,0.001
Moderately Regularised CNN - SpecAugment,15,1.7077875831105267,0.4240766073871409,1.6631289720535278,0.440625,0.41833642478828087,0.001
Moderately Regularised CNN - SpecAugment,16,1.6954627797919044,0.43033027164354115,1.6555628776550293,0.46875,0.4433678977971235,0.001
Moderately Regularised CNN - SpecAugment,17,1.679670811910892,0.4428376001563416,1.6449891328811646,0.46015625,0.42309940131198176,0.001
Moderately Regularised CNN - SpecAugment,18,1.6770227246622753,0.43619308188391637,1.6642056941986083,0.4578125,0.4263653565050132,0.001
Moderately Regularised CNN - SpecAugment,19,1.67634393904669,0.4344342388118038,1.623386287689209,0.4828125,0.4537624506182842,0.001
Moderately Regularised CNN - SpecAugment,20,1.6697156404363287,0.44107875708422906,1.6068604707717895,0.46875,0.435892088581071,0.001
Moderately Regularised CNN - SpecAugment,21,1.6639247024946902,0.44068790306820405,1.6400333881378173,0.46953125,0.44007607715916064,0.001
Moderately Regularised CNN - SpecAugment,22,1.6608352813959262,0.44029704905217903,1.640002155303955,0.45625,0.42332396611972056,0.001
Moderately Regularised CNN - SpecAugment,23,1.6526627171568418,0.45163181551690446,1.6243064880371094,0.4828125,0.4557302062512612,0.001
Moderately Regularised CNN - SpecAugment,24,1.648119667579542,0.45495407465311705,1.5800065279006958,0.48984375,0.4729908282275421,0.001
Moderately Regularised CNN - SpecAugment,25,1.6443166750260623,0.45554035567715456,1.592464017868042,0.47109375,0.4507295352771453,0.001
Moderately Regularised CNN - SpecAugment,26,1.6385659675987665,0.4692202462380301,1.5868966579437256,0.4859375,0.4644100357064944,0.001
Moderately Regularised CNN - SpecAugment,27,1.6411482475454835,0.46531170607777994,1.5835522413253784,0.5046875,0.4730624892642764,0.001
Moderately Regularised CNN - SpecAugment,28,1.626456441650033,0.46765683017393006,1.5568588018417358,0.5046875,0.4871109279053256,0.001
Moderately Regularised CNN - SpecAugment,29,1.6224538774166066,0.47586476451045534,1.5453483819961549,0.5125,0.4847348464199546,0.001
Moderately Regularised CNN - SpecAugment,30,1.6319481879909545,0.4647254250537424,1.6209869861602784,0.4640625,0.43117320930855474,0.001
Moderately Regularised CNN - SpecAugment,31,1.6134388760381642,0.47332421340629277,1.5693977117538451,0.50703125,0.48410940706413264,0.001
Moderately Regularised CNN - SpecAugment,32,1.5999767044127768,0.4690248192300176,1.604732370376587,0.49921875,0.48357768494366604,0.001
Moderately Regularised CNN - SpecAugment,33,1.6078974063074494,0.4748876294703928,1.6079762697219848,0.48828125,0.4678004544566976,0.001
Moderately Regularised CNN - SpecAugment,34,1.6056793253007569,0.47625561852648035,1.5711383104324341,0.50546875,0.4880043170920876,0.001
Moderately Regularised CNN - SpecAugment,35,1.6010676926645842,0.478796169630643,1.5506071090698241,0.51953125,0.5025750308925325,0.001
Moderately Regularised CNN - SpecAugment,36,1.6132567683677084,0.4643345710377174,1.666847014427185,0.4765625,0.452718717259759,0.001
Moderately Regularised CNN - SpecAugment,37,1.59903286315045,0.48192300175884306,1.5879301309585572,0.49921875,0.4756174967268245,0.001
Moderately Regularised CNN - SpecAugment,38,1.591946816430419,0.4856361149110807,1.5155942916870118,0.525,0.5085922561137632,0.001
Moderately Regularised CNN - SpecAugment,39,1.5820056249183534,0.49169435215946844,1.5751194477081298,0.50078125,0.47086845229416907,0.001
Moderately Regularised CNN - SpecAugment,40,1.5880477224590024,0.4932577682235685,1.5982555866241455,0.525,0.5125364313557141,0.001
Moderately Regularised CNN - SpecAugment,41,1.5909729844451719,0.48387727183896817,1.643322730064392,0.4828125,0.4560902779239018,0.001
Moderately Regularised CNN - SpecAugment,42,1.5711030128623258,0.5010748485440688,1.6174058437347412,0.48828125,0.4700106120470001,0.001
Moderately Regularised CNN - SpecAugment,43,1.577853376426943,0.5006839945280438,1.6018893241882324,0.49375,0.4685648759524873,0.001
Moderately Regularised CNN - SpecAugment,44,1.5705582003633516,0.5006839945280438,1.6150923252105713,0.49453125,0.4683904768156556,0.001
Moderately Regularised CNN - SpecAugment,45,1.5771503902306332,0.49228063318350596,1.5505524635314942,0.5125,0.4913884297898782,0.001
Moderately Regularised CNN - SpecAugment,46,1.5719959099404113,0.49755716239984366,1.5294791460037231,0.5078125,0.490661003663603,0.001
Moderately Regularised CNN - SpecAugment,47,1.56285592737155,0.5028336916161814,1.5977194786071778,0.50859375,0.4890595120872036,0.001
Moderately Regularised CNN - SpecAugment,48,1.5605341159950272,0.5010748485440688,1.559286642074585,0.503125,0.488958417849309,0.001
Moderately Regularised CNN - SpecAugment,49,1.5683731499048144,0.49755716239984366,1.5864198684692383,0.51015625,0.4922532510191817,0.0005
Moderately Regularised CNN - SpecAugment,50,1.5556930977081633,0.507328512800469,1.4998116493225098,0.53671875,0.5168273534651597,0.0005
Moderately Regularised CNN - SpecAugment,51,1.5591167558420675,0.5010748485440688,1.4936275720596313,0.53828125,0.5151787132527618,0.0005
Moderately Regularised CNN - SpecAugment,52,1.535921357422106,0.5159273011530193,1.5208280324935912,0.52109375,0.5074410585653901,0.0005
Moderately Regularised CNN - SpecAugment,53,1.5400755698032762,0.5149501661129569,1.4992664337158204,0.53671875,0.5166605182469988,0.0005
Moderately Regularised CNN - SpecAugment,54,1.5299818572388604,0.5233535274574946,1.4944857358932495,0.534375,0.5136582601801656,0.0005
Moderately Regularised CNN - SpecAugment,55,1.538829495600711,0.5176861442251319,1.5473286628723144,0.5359375,0.5157530402013734,0.0005
Moderately Regularised CNN - SpecAugment,56,1.5362982642308143,0.5112370529607192,1.5219300270080567,0.5265625,0.5131473673032114,0.0005
Moderately Regularised CNN - SpecAugment,57,1.5402974462238914,0.5104553449286692,1.5250713348388671,0.53046875,0.5106138457184075,0.0005
Moderately Regularised CNN - SpecAugment,58,1.531426993855187,0.5178815712331444,1.490819263458252,0.534375,0.5164295775173383,0.0005
Moderately Regularised CNN - SpecAugment,59,1.5282319760168812,0.5165135821770569,1.5661898851394653,0.515625,0.4911181860065205,0.00025
Moderately Regularised CNN - SpecAugment,60,1.518763998371562,0.521985538401407,1.504586100578308,0.5359375,0.5189826911468804,0.00025
Moderately Regularised CNN - SpecAugment,61,1.5165758327928074,0.5251123705296072,1.490042018890381,0.53828125,0.5216035507255087,0.00025
Moderately Regularised CNN - SpecAugment,62,1.5177101452461974,0.532734023842095,1.4994029521942138,0.53984375,0.5239678833866995,0.00025
Moderately Regularised CNN - SpecAugment,63,1.5140177059248134,0.5270666406097323,1.5081590175628663,0.53515625,0.5188586304665496,0.00025
Moderately Regularised CNN - SpecAugment,64,1.511669599523017,0.5223763924174321,1.4936414003372191,0.5375,0.519665539205524,0.00025
Moderately Regularised CNN - SpecAugment,65,1.5095300806297882,0.53077975376197,1.4909598112106324,0.546875,0.5305498529500812,0.00025
Moderately Regularised CNN - SpecAugment,66,1.510725383672813,0.5376196990424077,1.4875934839248657,0.55234375,0.5337456031469704,0.00025
Moderately Regularised CNN - SpecAugment,67,1.5031527461590002,0.53234316982607,1.5195096254348754,0.53203125,0.5133012282731795,0.00025
Moderately Regularised CNN - SpecAugment,68,1.5135295829061002,0.5239398084815321,1.5117435693740844,0.5390625,0.5234689137475983,0.00025
Moderately Regularised CNN - SpecAugment,69,1.5119026805452007,0.5262849325776823,1.5113814353942872,0.54375,0.5234160568374606,0.00025
Moderately Regularised CNN - SpecAugment,70,1.5087905473161167,0.5317568888020324,1.5232148885726928,0.54921875,0.5350724830414584,0.00025
Moderately Regularised CNN - SpecAugment,71,1.5036480262779457,0.5376196990424077,1.496944046020508,0.53828125,0.5189805069053559,0.00025
Moderately Regularised CNN - SpecAugment,72,1.5100974686238504,0.5348837209302325,1.520492386817932,0.54296875,0.5258349195177149,0.00025
Moderately Regularised CNN - SpecAugment,73,1.5006356313635367,0.5358608559702951,1.496844434738159,0.54453125,0.5318515855739026,0.00025
Moderately Regularised CNN - SpecAugment,74,1.4929910817834953,0.5428962282587454,1.4929100036621095,0.5421875,0.5229903784747016,0.00025
Moderately Regularised CNN - SpecAugment,75,1.5034270205953426,0.5382059800664452,1.521751070022583,0.5390625,0.5236339105244281,0.00025
Moderately Regularised CNN - SpecAugment,76,1.5061745264112238,0.5362517099863201,1.5011385679244995,0.54453125,0.524457222591644,0.00025
Moderately Regularised CNN - SpecAugment,77,1.5014793009922935,0.53077975376197,1.5023597955703736,0.540625,0.5230830928074037,0.00025
Moderately Regularised CNN - SpecAugment,78,1.4964816334053295,0.5362517099863201,1.4944567680358887,0.5421875,0.525803448065308,0.00025
Moderately Regularised CNN - SpecAugment,79,1.4925712100784365,0.5401602501465702,1.506407880783081,0.5375,0.5184832648551085,0.000125
Moderately Regularised CNN - SpecAugment,80,1.5007368834754418,0.5292163376978698,1.481102991104126,0.55,0.5330026833299508,0.000125
Moderately Regularised CNN - SpecAugment,81,1.496468803065816,0.5409419581786202,1.4978583812713624,0.54765625,0.5301898842664181,0.000125
Moderately Regularised CNN - SpecAugment,82,1.4863082775036198,0.5389876880984952,1.4911659002304076,0.5515625,0.536153741355757,0.000125
Moderately Regularised CNN - SpecAugment,83,1.4927927216492012,0.5425053742427204,1.5174795150756837,0.5390625,0.5210476898686638,0.000125
Moderately Regularised CNN - SpecAugment,84,1.4832105310442674,0.5389876880984952,1.492725682258606,0.55703125,0.5428333336450846,0.000125
Moderately Regularised CNN - SpecAugment,85,1.483885353352843,0.5411373851866328,1.5055605173110962,0.5453125,0.5301051538046514,0.000125
Moderately Regularised CNN - SpecAugment,86,1.4928643435781441,0.5391831151065077,1.4880980968475341,0.5484375,0.5323274100125576,0.000125
Moderately Regularised CNN - SpecAugment,87,1.484008532262813,0.5434825092827829,1.4795110702514649,0.55390625,0.5348899129270012,0.000125
Moderately Regularised CNN - SpecAugment,88,1.485110985946208,0.5497361735391831,1.481229591369629,0.5453125,0.5281948295674126,0.000125
Moderately Regularised CNN - SpecAugment,89,1.487773010081697,0.5399648231385578,1.495996356010437,0.55390625,0.5389175868878783,0.000125
Moderately Regularised CNN - SpecAugment,90,1.4851164422930743,0.5440687903068204,1.4853006839752196,0.54453125,0.5285428281543423,0.000125
Moderately Regularised CNN - SpecAugment,91,1.4791476007595363,0.5382059800664452,1.4784009218215943,0.5546875,0.5392498869880686,0.000125
Moderately Regularised CNN - SpecAugment,92,1.4759835329096789,0.5493453195231581,1.4789439916610718,0.5609375,0.544680584490524,0.000125
Moderately Regularised CNN - SpecAugment,93,1.4807650231047722,0.5462184873949579,1.474456214904785,0.55,0.5331803336704855,0.000125
Moderately Regularised CNN - SpecAugment,94,1.4794997323041599,0.5456322063709205,1.496272373199463,0.55078125,0.5330287565737856,0.000125
Moderately Regularised CNN - SpecAugment,95,1.4827196188030798,0.5438733632988079,1.5052983045578003,0.54609375,0.530063678760512,0.000125
Moderately Regularised CNN - SpecAugment,96,1.4822946755895863,0.5526675786593708,1.4879876852035523,0.55234375,0.5368984326590859,0.000125
Moderately Regularised CNN - SpecAugment,97,1.487329602008549,0.5415282392026578,1.4778443574905396,0.5578125,0.5438576210420063,0.000125
Moderately Regularised CNN - SpecAugment,98,1.4824078667785872,0.5432870822747704,1.4807921409606934,0.55546875,0.5381612445227928,0.000125
Moderately Regularised CNN - SpecAugment,99,1.4731069024195773,0.5579441078757085,1.4879908800125121,0.54921875,0.5317963611051335,0.000125
Moderately Regularised CNN - SpecAugment,100,1.4825365339752192,0.5458276333789329,1.4866429805755614,0.55234375,0.5379874893333564,0.000125
Moderately Regularised CNN - SpecAugment,101,1.4729767921545414,0.5503224545632206,1.494006872177124,0.5390625,0.5239567742566857,6.25e-05
Moderately Regularised CNN - SpecAugment,102,1.486619848815496,0.5413328121946454,1.481327772140503,0.55,0.5338939932136416,6.25e-05
Moderately Regularised CNN - SpecAugment,103,1.4767901312915845,0.5497361735391831,1.4789698362350463,0.55078125,0.5332572871387652,6.25e-05
Moderately Regularised CNN - SpecAugment,104,1.4601382152256566,0.5487590384991206,1.4786952018737793,0.5546875,0.5364488131469066,6.25e-05
Moderately Regularised CNN - SpecAugment,105,1.4711461501217504,0.5460230603869455,1.4999905109405518,0.5484375,0.5314701952211027,6.25e-05
Moderately Regularised CNN - SpecAugment,106,1.4757435350695787,0.5501270275552081,1.4767158031463623,0.55390625,0.5379201353974937,6.25e-05
Moderately Regularised CNN - SpecAugment,107,1.4668988065838884,0.5557944107875709,1.477250051498413,0.5609375,0.5454152848594216,6.25e-05
Moderately Regularised CNN - SpecAugment,108,1.4764882633409766,0.560484658979871,1.4820298910140992,0.55859375,0.5426422050013371,6.25e-05
Moderately Regularised CNN - SpecAugment,109,1.4709280915434575,0.5458276333789329,1.4804848432540894,0.55703125,0.542472795397329,6.25e-05
Moderately Regularised CNN - SpecAugment,110,1.4712220099327828,0.5505178815712332,1.4885771512985229,0.55625,0.5398706745141932,6.25e-05
Moderately Regularised CNN - SpecAugment,111,1.4807428886164953,0.5493453195231581,1.47989501953125,0.55859375,0.5418033074618671,6.25e-05
Moderately Regularised CNN - SpecAugment,112,1.4723251145729823,0.5417236662106704,1.4771186113357544,0.5578125,0.5420584259276355,6.25e-05
Moderately Regularised CNN - SpecAugment,113,1.4742605379602978,0.5438733632988079,1.4765911102294922,0.55703125,0.5413357275419248,6.25e-05
Moderately Regularised CNN - SpecAugment,114,1.4708032334528796,0.5481727574750831,1.4789350032806396,0.55546875,0.53841489236956,6.25e-05
Moderately Regularised CNN - SpecAugment,115,1.4702815266356282,0.5458276333789329,1.4844740867614745,0.5484375,0.5313101490323133,6.25e-05
Moderately Regularised CNN - SpecAugment,116,1.4750583469809464,0.5434825092827829,1.4850775957107545,0.55,0.5341139189121864,3.125e-05
Moderately Regularised CNN - SpecAugment,117,1.470566865217646,0.5532538596834082,1.4844070196151733,0.5546875,0.5375134033013937,3.125e-05
Moderately Regularised CNN - SpecAugment,118,1.4676424402824388,0.5477819034590581,1.4818931579589845,0.5546875,0.5392918600016132,3.125e-05
Moderately Regularised CNN - SpecAugment,119,1.474957915239556,0.5503224545632206,1.480641746520996,0.55703125,0.5426536335995007,3.125e-05
Moderately Regularised CNN - SpecAugment,120,1.4613138623178903,0.5522767246433458,1.4854519844055176,0.55,0.5344312533580914,3.125e-05
Moderately Regularised CNN - SpecAugment,121,1.4690511867779643,0.5495407465311706,1.4846627712249756,0.55546875,0.5400427977648319,3.125e-05
Moderately Regularised CNN - SpecAugment,122,1.4640518935695392,0.5512995896032832,1.4799527406692505,0.559375,0.5444492776829267,3.125e-05
Moderately Regularised CNN - SpecAugment,123,1.4710407464653807,0.5542309947234708,1.4771726846694946,0.5578125,0.5437579308775613,3.125e-05
Moderately Regularised CNN - SpecAugment,124,1.4705448122911675,0.5577486808676959,1.484042501449585,0.55703125,0.5421889631891466,3.125e-05
Moderately Regularised CNN - SpecAugment,125,1.4744185683362439,0.5464139144029705,1.483579158782959,0.55703125,0.54118600822269,1.5625e-05
Moderately Regularised CNN - SpecAugment,126,1.4739666005375565,0.5458276333789329,1.4855229139328003,0.55703125,0.5418872030967274,1.5625e-05
Moderately Regularised CNN - SpecAugment,127,1.4652883198337208,0.5501270275552081,1.4818365573883057,0.55859375,0.542370947618239,1.5625e-05
Moderately Regularised CNN - SpecAugment,128,1.4679337718045546,0.5493453195231581,1.4842156887054443,0.56015625,0.5459089392451647,1.5625e-05
Moderately Regularised CNN - SpecAugment,129,1.4609281232120797,0.5528630056673832,1.4831175088882447,0.55859375,0.5443995975593543,1.5625e-05
Moderately Regularised CNN - SpecAugment,130,1.4705110790442042,0.5567715458276333,1.4810057878494263,0.56015625,0.5456717392655804,1.5625e-05
Moderately Regularised CNN - SpecAugment,131,1.4700450008913062,0.5550127027555208,1.4787193536758423,0.55703125,0.542278989745585,1.5625e-05
Moderately Regularised CNN - SpecAugment,132,1.4661762068135118,0.5573578268516709,1.4763872146606445,0.5640625,0.5501593340585482,1.5625e-05
Moderately Regularised CNN - SpecAugment,133,1.4617257668027566,0.5559898377955833,1.4790403604507447,0.56015625,0.5455680630715387,1.5625e-05
Moderately Regularised CNN - SpecAugment,134,1.4658070087479456,0.5563806918116083,1.4814205169677734,0.559375,0.5438783892042209,1.5625e-05
Moderately Regularised CNN - SpecAugment,135,1.4735108049488497,0.5475864764510455,1.4800731420516968,0.559375,0.5451593988729683,1.5625e-05
Moderately Regularised CNN - SpecAugment,136,1.4659785369375802,0.5557944107875709,1.4793712139129638,0.5578125,0.5429557059361922,1.5625e-05
Moderately Regularised CNN - SpecAugment,137,1.463480983997477,0.5509087355872582,1.4817905664443969,0.56015625,0.545241431974723,1.5625e-05
Moderately Regularised CNN - SpecAugment,138,1.4534716209397085,0.5606800859878835,1.47767915725708,0.5578125,0.5433468850255828,1.5625e-05
Moderately Regularised CNN - SpecAugment,139,1.4710736594583131,0.5534492866914208,1.4762615442276001,0.559375,0.5449756812460218,1.5625e-05
Moderately Regularised CNN - SpecAugment,140,1.4732410272676917,0.5511041625952706,1.4786144018173217,0.5578125,0.5429129287020933,1.5625e-05
Moderately Regularised CNN - SpecAugment,141,1.4678357244353288,0.5483681844830955,1.4812580347061157,0.5609375,0.5462455274755585,7.8125e-06
Moderately Regularised CNN - SpecAugment,142,1.4701700791824324,0.5536447136994332,1.4804452180862426,0.56171875,0.5465793945228401,7.8125e-06
Moderately Regularised CNN - SpecAugment,143,1.4643143966884289,0.561266367011921,1.4796739578247071,0.559375,0.5447521772094193,7.8125e-06
Moderately Regularised CNN - SpecAugment,144,1.4544065662350114,0.5540355677154583,1.480340576171875,0.55859375,0.5443444540798458,7.8125e-06
Moderately Regularised CNN - SpecAugment,145,1.4707329699553757,0.5505178815712332,1.4786858797073363,0.55859375,0.5450271042978656,7.8125e-06
Moderately Regularised CNN - SpecAugment,146,1.4653464192544572,0.5544264217314833,1.4781918287277223,0.559375,0.5458196493462145,7.8125e-06
Moderately Regularised CNN - SpecAugment,147,1.452346207971146,0.5532538596834082,1.4782292366027832,0.55859375,0.5451346481086947,7.8125e-06
Moderately Regularised CNN - SpecAugment,148,1.4688532201717766,0.5561852648035959,1.4800694942474366,0.56171875,0.5476295508718837,7.8125e-06
Moderately Regularised CNN - SpecAugment,149,1.4720679173973685,0.5485636114911081,1.4794039487838746,0.56015625,0.5457621807778062,7.8125e-06
Moderately Regularised CNN - SpecAugment,150,1.462909515280963,0.5509087355872582,1.4807333946228027,0.559375,0.5451667179212792,3.90625e-06
Moderately Regularised CNN - SpecAugment,151,1.4578976286140204,0.5524721516513582,1.4814900398254394,0.5609375,0.5470015246690457,3.90625e-06
Moderately Regularised CNN - SpecAugment,152,1.4667684956875449,0.5528630056673832,1.4809577703475951,0.5625,0.5485452666342325,3.90625e-06
Moderately Regularised CNN - SpecAugment,153,1.4702150736419815,0.5446550713308579,1.4802099227905274,0.5609375,0.5470155670462458,3.90625e-06
Moderately Regularised CNN - SpecAugment,154,1.4621784032171583,0.5552081297635333,1.4799445867538452,0.56171875,0.5474497933577598,3.90625e-06
Moderately Regularised CNN - SpecAugment,155,1.4683298124613788,0.5438733632988079,1.4803043842315673,0.559375,0.5456220666023306,3.90625e-06
Moderately Regularised CNN - SpecAugment,156,1.4704981127450631,0.5501270275552081,1.4792622089385987,0.5609375,0.546820412185197,3.90625e-06
Moderately Regularised CNN - SpecAugment,157,1.4629657924093724,0.561266367011921,1.4794674873352052,0.56015625,0.5459784366514258,3.90625e-06
Moderately Regularised CNN - SpecAugment,158,1.477174547097402,0.5425053742427204,1.4811461448669434,0.56015625,0.5462702752816223,3.90625e-06
Moderately Regularised CNN - SpecAugment,159,1.4709512961430313,0.5524721516513582,1.4807646036148072,0.559375,0.5451752205254736,1.953125e-06
Moderately Regularised CNN - SpecAugment,160,1.4667913646746455,0.5559898377955833,1.4800033807754516,0.55625,0.5420292700750995,1.953125e-06
Moderately Regularised CNN - SpecAugment,161,1.4604116477187266,0.5575532538596835,1.4811364889144898,0.55859375,0.5445593719990534,1.953125e-06
Moderately Regularised CNN - SpecAugment,162,1.4635936610279825,0.5509087355872582,1.480151605606079,0.55859375,0.5443064603757257,1.953125e-06
Moderately Regularised CNN - SpecAugment,163,1.4726853384644534,0.5493453195231581,1.4798429012298584,0.56015625,0.5460004759571983,1.953125e-06
Moderately Regularised CNN - SpecAugment,164,1.464690221457922,0.5563806918116083,1.4791905164718628,0.56015625,0.5461307221020686,1.953125e-06
Moderately Regularised CNN - SpecAugment,165,1.4675597276495658,0.5511041625952706,1.47902090549469,0.56171875,0.5477894192771994,1.953125e-06
Moderately Regularised CNN - SpecAugment,166,1.467487798996076,0.5495407465311706,1.478859043121338,0.5609375,0.5467087073329113,1.953125e-06
Moderately Regularised CNN - SpecAugment,167,1.4624873568169745,0.5511041625952706,1.4785733938217163,0.5609375,0.546827241689769,1.953125e-06
Moderately Regularised CNN - SpecAugment,168,1.4619751367481375,0.5495407465311706,1.4776014804840087,0.5609375,0.546944883434275,1e-06
Moderately Regularised CNN - SpecAugment,169,1.4569276797717872,0.5561852648035959,1.478082251548767,0.559375,0.5451080733588287,1e-06
Moderately Regularised CNN - SpecAugment,170,1.4665607243793795,0.5448504983388704,1.4782739162445069,0.559375,0.5452405965257634,1e-06
Moderately Regularised CNN - SpecAugment,171,1.470460451695284,0.5495407465311706,1.4776265144348144,0.5609375,0.5469505962468623,1e-06
Moderately Regularised CNN - SpecAugment,172,1.4688592236186928,0.5493453195231581,1.4774333238601685,0.56015625,0.5462580240471062,1e-06
Moderately Regularised CNN - SpecAugment,173,1.4691940801600727,0.5565761188196209,1.4781570911407471,0.56015625,0.5461911809172904,1e-06
Moderately Regularised CNN - SpecAugment,174,1.4686546800936575,0.5571623998436583,1.4791382551193237,0.559375,0.545135530685602,1e-06
Moderately Regularised CNN - SpecAugment,175,1.4660627188476614,0.5530584326753958,1.4790340900421142,0.56015625,0.5458806563216798,1e-06
Moderately Regularised CNN - SpecAugment,176,1.4620521386340188,0.5598983779558335,1.4796280145645142,0.559375,0.5448714090318998,1e-06
Moderately Regularised CNN - SpecAugment,177,1.4645265779948127,0.5555989837795583,1.4790963888168336,0.559375,0.5449367398626809,1e-06
Moderately Regularised CNN - SpecAugment,178,1.4572893562134248,0.5571623998436583,1.4780006885528565,0.56015625,0.545864171489987,1e-06
Moderately Regularised CNN - SpecAugment,179,1.4656011870719503,0.5563806918116083,1.47808895111084,0.559375,0.5449197640129102,1e-06
Moderately Regularised CNN - SpecAugment,180,1.46116924439647,0.5567715458276333,1.4787841796875,0.55859375,0.5442002869122311,1e-06
Moderately Regularised CNN - Mixup,1,2.0721006532746973,0.14735196404143053,2.1240756511688232,0.125,0.027777777777777776,0.001
Moderately Regularised CNN - Mixup,2,1.9847630310133144,0.18448309556380693,2.230359172821045,0.13203125,0.05511510048685697,0.001
Moderately Regularised CNN - Mixup,3,1.950120839425915,0.17412546413914404,2.017200231552124,0.2125,0.14016354503805997,0.001
Moderately Regularised CNN - Mixup,4,1.910876324802538,0.239593511823334,2.03713002204895,0.196875,0.15133371181677963,0.001
Moderately Regularised CNN - Mixup,5,1.8983694878504196,0.2446746140316592,1.80663321018219,0.37734375,0.33338617419765465,0.001
Moderately Regularised CNN - Mixup,6,1.854273203319932,0.26773500097713504,1.7574601650238038,0.38671875,0.3443867280884042,0.001
Moderately Regularised CNN - Mixup,7,1.8200789729156182,0.27946062145788547,1.702972674369812,0.4265625,0.3841012900608094,0.001
Moderately Regularised CNN - Mixup,8,1.8207354089676553,0.23588039867109634,1.7566851854324341,0.3859375,0.34142190206492395,0.001
Moderately Regularised CNN - Mixup,9,1.7777483220535586,0.34199726402188785,1.7299750804901124,0.41171875,0.38098894689610907,0.001
Moderately Regularised CNN - Mixup,10,1.7703251140248573,0.25170998632010944,1.74231915473938,0.3921875,0.3527676674952396,0.001
Moderately Regularised CNN - Mixup,11,1.8315562419367648,0.31639632597224937,1.67298583984375,0.4421875,0.41727386687587203,0.001
Moderately Regularised CNN - Mixup,12,1.7574052571178718,0.2612859097127223,1.6358302116394043,0.44140625,0.4025075743625948,0.001
Moderately Regularised CNN - Mixup,13,1.8392796985381326,0.31561461794019935,1.7577107191085815,0.37734375,0.35200331700561927,0.001
Moderately Regularised CNN - Mixup,14,1.7402969436159073,0.32929450850107483,1.6428032875061036,0.4515625,0.41393300867518446,0.001
Moderately Regularised CNN - Mixup,15,1.7823748155942019,0.2608950556966973,1.639358687400818,0.46171875,0.4344971787617275,0.001
Moderately Regularised CNN - Mixup,16,1.7799526183475198,0.293531366034786,1.611543607711792,0.48671875,0.46048946486117004,0.001
Moderately Regularised CNN - Mixup,17,1.7077660088616469,0.26578073089701,1.6082656383514404,0.47734375,0.44772786629510103,0.001
Moderately Regularised CNN - Mixup,18,1.7548714217110866,0.2853234316982607,1.6137840747833252,0.4875,0.46975956183216383,0.001
Moderately Regularised CNN - Mixup,19,1.7677043443642162,0.25991792065663477,1.627969789505005,0.47890625,0.4567699299059189,0.001
Moderately Regularised CNN - Mixup,20,1.6797089044391258,0.24916943521594684,1.6598504066467286,0.4359375,0.3944922676419802,0.001
Moderately Regularised CNN - Mixup,21,1.7096392493800583,0.2401797928473715,1.6510032415390015,0.44140625,0.4243246684463119,0.001
Moderately Regularised CNN - Mixup,22,1.6919166996117003,0.1788157123314442,1.5934645652770996,0.48984375,0.47072841418612144,0.001
Moderately Regularised CNN - Mixup,23,1.7401050398865552,0.36349423490326366,1.6601742506027222,0.4296875,0.391118385780112,0.001
Moderately Regularised CNN - Mixup,24,1.6787085115199027,0.373265585303889,1.5828607082366943,0.484375,0.4627660986677935,0.001
Moderately Regularised CNN - Mixup,25,1.7561119675333434,0.3273402384209498,1.5825273275375367,0.4859375,0.45916457808131955,0.001
Moderately Regularised CNN - Mixup,26,1.6987422954437437,0.27887434043384796,1.610911250114441,0.4734375,0.4503257189839587,0.001
Moderately Regularised CNN - Mixup,27,1.6688770487459,0.2767246433457104,1.561635184288025,0.49765625,0.47233488232760396,0.001
Moderately Regularised CNN - Mixup,28,1.7353665953575226,0.2393980848153215,1.5783411741256714,0.4890625,0.46955832862764824,0.001
Moderately Regularised CNN - Mixup,29,1.7094527187118171,0.2397889388313465,1.6183053493499755,0.4625,0.4462711871701892,0.001
Moderately Regularised CNN - Mixup,30,1.7081443483950176,0.2347078366230213,1.6137073755264282,0.475,0.4514380741648034,0.001
Moderately Regularised CNN - Mixup,31,1.6363328999086402,0.3218682821965996,1.64411518573761,0.43984375,0.4203557105689738,0.001
Moderately Regularised CNN - Mixup,32,1.6564006710369326,0.2585499316005472,1.6072223424911498,0.47734375,0.45459028679872865,0.001
Moderately Regularised CNN - Mixup,33,1.697811069888297,0.2565956615204221,1.6474787235260009,0.45234375,0.424969164775184,0.001
Moderately Regularised CNN - Mixup,34,1.7129105889566574,0.2978307602110612,1.5609951972961427,0.49765625,0.4752120900230257,0.001
Moderately Regularised CNN - Mixup,35,1.6555975927886306,0.23001758843072112,1.5921751737594605,0.4828125,0.45541791718640834,0.001
Moderately Regularised CNN - Mixup,36,1.6808908734443668,0.2648035958569474,1.5331535816192627,0.52578125,0.5109957109897079,0.001
Moderately Regularised CNN - Mixup,37,1.696644502830431,0.3376978698456127,1.5792516231536866,0.49609375,0.47906593492227123,0.001
Moderately Regularised CNN - Mixup,38,1.702100999867378,0.21926910299003322,1.579970645904541,0.48359375,0.4646667838673988,0.001
Moderately Regularised CNN - Mixup,39,1.722962584746217,0.30564784053156147,1.5769512176513671,0.4796875,0.4558594473323309,0.001
Moderately Regularised CNN - Mixup,40,1.6437660578943356,0.2751612272816103,1.5362683057785034,0.5078125,0.4850543772722618,0.001
Moderately Regularised CNN - Mixup,41,1.5954659189217162,0.3226499902286496,1.5561911344528199,0.50390625,0.48490995434631506,0.001
Moderately Regularised CNN - Mixup,42,1.6329972782660584,0.36153996482313855,1.627417755126953,0.471875,0.44660709696547196,0.001
Moderately Regularised CNN - Mixup,43,1.6762335888920572,0.24154778190345905,1.63785080909729,0.45546875,0.4330153026602383,0.001
Moderately Regularised CNN - Mixup,44,1.6237465330043388,0.31913230408442445,1.549052882194519,0.5,0.474558527192268,0.001
Moderately Regularised CNN - Mixup,45,1.6923733706909487,0.359781121751026,1.5181298971176147,0.5375,0.5246738260662567,0.001
Moderately Regularised CNN - Mixup,46,1.6538946226003326,0.3236271252687121,1.5242700576782227,0.52265625,0.5068344343041142,0.001
Moderately Regularised CNN - Mixup,47,1.5911706401334043,0.24838772718389682,1.5167231559753418,0.52578125,0.5072747182938468,0.001
Moderately Regularised CNN - Mixup,48,1.6703765649033264,0.44635528630056676,1.5913566112518311,0.4890625,0.4819661902330904,0.001
Moderately Regularised CNN - Mixup,49,1.630337110203133,0.39886652335352746,1.5617450714111327,0.49375,0.47579357338242145,0.001
Moderately Regularised CNN - Mixup,50,1.6564936629957534,0.36642564002345124,1.6107240438461303,0.4859375,0.4655960165440397,0.001
Moderately Regularised CNN - Mixup,51,1.644932344599536,0.3631033808872386,1.5290116786956787,0.534375,0.5196381421920473,0.001
Moderately Regularised CNN - Mixup,52,1.689528693252647,0.3599765487590385,1.5953665733337403,0.4671875,0.4469958408931859,0.001
Moderately Regularised CNN - Mixup,53,1.6049053282250365,0.3537228845026383,1.5100285053253173,0.52578125,0.502644222812646,0.001
Moderately Regularised CNN - Mixup,54,1.5594840260345955,0.2988078952511237,1.4809084415435791,0.54296875,0.5265906905564968,0.001
Moderately Regularised CNN - Mixup,55,1.6006057072785396,0.3441469611100254,1.5340207815170288,0.51875,0.5042176355132231,0.001
Moderately Regularised CNN - Mixup,56,1.6381840781585906,0.5088919288645691,1.6811211109161377,0.421875,0.4095778316875377,0.001
Moderately Regularised CNN - Mixup,57,1.6635413420533491,0.2476060191518468,1.5267014026641845,0.51328125,0.4949003552772173,0.001
Moderately Regularised CNN - Mixup,58,1.564431687572726,0.30310728942739884,1.4713514804840089,0.55703125,0.5407288235635136,0.001
Moderately Regularised CNN - Mixup,59,1.670294591009279,0.24096150087942153,1.5229270458221436,0.51328125,0.49138514355073115,0.001
Moderately Regularised CNN - Mixup,60,1.6841685355396878,0.333984756693375,1.5218189716339112,0.5203125,0.5055549958993882,0.001
Moderately Regularised CNN - Mixup,61,1.6368967488288693,0.3390658589017002,1.4967923641204834,0.53515625,0.5192189566719759,0.001
Moderately Regularised CNN - Mixup,62,1.6044339400286411,0.3677936290795388,1.4872953653335572,0.5421875,0.5288178519942451,0.001
Moderately Regularised CNN - Mixup,63,1.5761550577306085,0.34571037717412545,1.5242336750030518,0.51484375,0.4911088899253448,0.001
Moderately Regularised CNN - Mixup,64,1.6586974727378265,0.32382255227672463,1.5124484777450562,0.5234375,0.5020055944353486,0.001
Moderately Regularised CNN - Mixup,65,1.613086262554402,0.18194254445964433,1.4819599628448485,0.5515625,0.5354677910293721,0.001
Moderately Regularised CNN - Mixup,66,1.6578507295967848,0.34062927496580025,1.4977188587188721,0.51953125,0.5014704280891005,0.001
Moderately Regularised CNN - Mixup,67,1.589301810847937,0.4127418409224155,1.5339009523391725,0.51796875,0.5002291850113846,0.0005
Moderately Regularised CNN - Mixup,68,1.700912902405049,0.27379323822552276,1.4974588394165038,0.54140625,0.5293079834331433,0.0005
Moderately Regularised CNN - Mixup,69,1.6546135207789938,0.3445378151260504,1.4746827840805055,0.54296875,0.5216444023585622,0.0005
Moderately Regularised CNN - Mixup,70,1.5614709060173937,0.4004299394176275,1.475146436691284,0.55078125,0.5375670782672617,0.0005
Moderately Regularised CNN - Mixup,71,1.6190530611291303,0.5053742427203439,1.460080862045288,0.5515625,0.5360444967653573,0.0005
Moderately Regularised CNN - Mixup,72,1.6234590175772916,0.3797146765683017,1.463129734992981,0.5546875,0.5403030474234833,0.0005
Moderately Regularised CNN - Mixup,73,1.5989634357254463,0.2857142857142857,1.5116482257843018,0.5203125,0.5058340631311868,0.0005
Moderately Regularised CNN - Mixup,74,1.5516065816430111,0.32128200117256206,1.4584901809692383,0.56484375,0.5485249927800226,0.0005
Moderately Regularised CNN - Mixup,75,1.5926406838732212,0.24701973812780925,1.448824167251587,0.55390625,0.5400396522517241,0.0005
Moderately Regularised CNN - Mixup,76,1.5456004928792386,0.266171584913035,1.4733468532562255,0.54765625,0.5333717599439063,0.0005
Moderately Regularised CNN - Mixup,77,1.5528279100984295,0.31561461794019935,1.4897320508956908,0.5203125,0.4996857895763159,0.0005
Moderately Regularised CNN - Mixup,78,1.5430591643870004,0.44459644322845415,1.463435673713684,0.56953125,0.558965077338461,0.0005
Moderately Regularised CNN - Mixup,79,1.6549213642670537,0.3810826656243893,1.4552215576171874,0.5515625,0.5377194221521515,0.0005
Moderately Regularised CNN - Mixup,80,1.4992690136219715,0.30486613249951144,1.457191801071167,0.55390625,0.5359102890450304,0.0005
Moderately Regularised CNN - Mixup,81,1.6239080469846399,0.26832128200117256,1.440755295753479,0.56015625,0.5477446803278099,0.0005
Moderately Regularised CNN - Mixup,82,1.5760029764037498,0.35860855970295097,1.4445186614990235,0.5703125,0.5584665703887222,0.0005
Moderately Regularised CNN - Mixup,83,1.5788468606821,0.35802227867891345,1.4710785388946532,0.56640625,0.5600475496240539,0.0005
Moderately Regularised CNN - Mixup,84,1.5905025769006886,0.3677936290795388,1.4447874069213866,0.56328125,0.5457872470606118,0.0005
Moderately Regularised CNN - Mixup,85,1.6195499186919307,0.3550908735587258,1.485512614250183,0.55234375,0.541502978742983,0.0005
Moderately Regularised CNN - Mixup,86,1.5597212352579357,0.2376392417432089,1.4536548852920532,0.553125,0.5382771483883081,0.0005
Moderately Regularised CNN - Mixup,87,1.5253616551391216,0.46062145788547976,1.4885802745819092,0.54375,0.53336736315367,0.0005
Moderately Regularised CNN - Mixup,88,1.6202888899024679,0.3945671291772523,1.464942455291748,0.5484375,0.5335533679019933,0.0005
Moderately Regularised CNN - Mixup,89,1.6283291764433598,0.35860855970295097,1.4524707078933716,0.5625,0.5473150287877141,0.0005
Moderately Regularised CNN - Mixup,90,1.5649235715431837,0.2565956615204221,1.4429526567459106,0.56015625,0.5466266498685046,0.0005
Moderately Regularised CNN - Mixup,91,1.5549473807008933,0.41899550517881573,1.4528188228607177,0.5609375,0.5496540297125305,0.0005
Moderately Regularised CNN - Mixup,92,1.5099911183753656,0.2964627711549736,1.4373327255249024,0.5703125,0.5542413466398168,0.00025
Moderately Regularised CNN - Mixup,93,1.5864743860946262,0.36642564002345124,1.4682439327239991,0.55859375,0.5512867828393251,0.00025
Moderately Regularised CNN - Mixup,94,1.6404922038101233,0.30271643541137383,1.4427417278289796,0.5671875,0.5557253328523348,0.00025
Moderately Regularised CNN - Mixup,95,1.526815110406583,0.25229626734414695,1.45052330493927,0.5609375,0.5488547805342874,0.00025
Moderately Regularised CNN - Mixup,96,1.530435493594854,0.3435606800859879,1.4442641735076904,0.56640625,0.5550818773958993,0.00025
Moderately Regularised CNN - Mixup,97,1.505633554212605,0.43560680085987885,1.424656057357788,0.5671875,0.5577837252480362,0.00025
Moderately Regularised CNN - Mixup,98,1.61736443717428,0.29743990619503613,1.431727409362793,0.56640625,0.5542127050601424,0.00025
Moderately Regularised CNN - Mixup,99,1.4771083594533365,0.3552863005667383,1.4519848346710205,0.5640625,0.5535570555119889,0.00025
Moderately Regularised CNN - Mixup,100,1.5205329644020726,0.3414109829978503,1.4404614925384522,0.55390625,0.5413267260396565,0.00025
Moderately Regularised CNN - Mixup,101,1.5423660469353373,0.34258354504592536,1.4373486280441283,0.57109375,0.5607374599738013,0.00025
Moderately Regularised CNN - Mixup,102,1.4938785344426324,0.4027750635137776,1.4289652347564696,0.56171875,0.5479086410890459,0.00025
Moderately Regularised CNN - Mixup,103,1.6878578843188887,0.3273402384209498,1.4572881937026978,0.559375,0.551065792169264,0.00025
Moderately Regularised CNN - Mixup,104,1.5180104936685836,0.40883330076216534,1.4542147636413574,0.56015625,0.5458419215350724,0.00025
Moderately Regularised CNN - Mixup,105,1.4992437736350204,0.360562829783076,1.4241527795791626,0.58125,0.5675982970095568,0.00025
Moderately Regularised CNN - Mixup,106,1.5687832109439366,0.3941762751612273,1.435175633430481,0.5671875,0.5561203570245561,0.00025
Moderately Regularised CNN - Mixup,107,1.4512938635177344,0.4217314832909908,1.426165771484375,0.56328125,0.5503370298270966,0.00025
Moderately Regularised CNN - Mixup,108,1.4916581350400715,0.31541919093218684,1.4302204132080079,0.5765625,0.5685605009960701,0.00025
Moderately Regularised CNN - Mixup,109,1.566282211837299,0.45495407465311705,1.4347278118133544,0.5640625,0.5528078459703105,0.00025
Moderately Regularised CNN - Mixup,110,1.480387477803002,0.44655071330857926,1.4381608486175537,0.56640625,0.5559189043166439,0.00025
Moderately Regularised CNN - Mixup,111,1.5832461025278295,0.3902677350009771,1.4748781681060792,0.54921875,0.5346516720977501,0.00025
Moderately Regularised CNN - Mixup,112,1.5650759757625095,0.43423881180379126,1.4257757186889648,0.57734375,0.5689672408151241,0.00025
Moderately Regularised CNN - Mixup,113,1.5231956862741693,0.27867891342583545,1.445704412460327,0.55078125,0.5390951034729314,0.00025
Moderately Regularised CNN - Mixup,114,1.624134626266475,0.38792261090482705,1.4352276802062989,0.57109375,0.5582608013135317,0.00025
Moderately Regularised CNN - Mixup,115,1.5643174180020945,0.30486613249951144,1.4327755928039552,0.5703125,0.5613923031140493,0.00025
Moderately Regularised CNN - Mixup,116,1.5133274832064458,0.39358999413718976,1.4567620038986206,0.55390625,0.5377881497203935,0.00025
Moderately Regularised CNN - Mixup,117,1.585420308412228,0.2132108657416455,1.4245482683181763,0.57890625,0.5661620013277134,0.00025
Moderately Regularised CNN - Mixup,118,1.5467595280626218,0.34727379323822555,1.4384239435195922,0.5609375,0.5439398403126644,0.00025
Moderately Regularised CNN - Mixup,119,1.4351398992380036,0.3707250341997264,1.4589189767837525,0.55078125,0.5418939193421178,0.00025
Moderately Regularised CNN - Mixup,120,1.6130685553738027,0.3703341801837014,1.4384005308151244,0.571875,0.560640077036003,0.00025
Moderately Regularised CNN - Mixup,121,1.4566126554441423,0.3738518663279265,1.4169923782348632,0.57421875,0.5601667314198343,0.000125
Moderately Regularised CNN - Mixup,122,1.4537107853631337,0.37287473128786397,1.4116198062896728,0.58828125,0.5769123850791638,0.000125
Moderately Regularised CNN - Mixup,123,1.5642651565284125,0.3797146765683017,1.427958369255066,0.571875,0.5602800156627625,0.000125
Moderately Regularised CNN - Mixup,124,1.4701662118811847,0.41371897596247803,1.4234927415847778,0.57265625,0.5597866922151242,0.000125
Moderately Regularised CNN - Mixup,125,1.551992216006792,0.4170412350986906,1.4186842918395997,0.58828125,0.57875549635572,0.000125
Moderately Regularised CNN - Mixup,126,1.495029669803219,0.3644713699433262,1.4202062368392945,0.575,0.5647612548473183,0.000125
Moderately Regularised CNN - Mixup,127,1.4318450244348544,0.4205589212429158,1.4137325286865234,0.58203125,0.5733710197353146,0.000125
Moderately Regularised CNN - Mixup,128,1.4351075968286686,0.3816689466484268,1.4080094337463378,0.584375,0.573194100805707,0.000125
Moderately Regularised CNN - Mixup,129,1.4242810686281795,0.4315028336916162,1.4162663698196412,0.57890625,0.5706924167656255,0.000125
Moderately Regularised CNN - Mixup,130,1.506186178123343,0.4381473519640414,1.4193985223770142,0.575,0.5646730985409243,0.000125
Moderately Regularised CNN - Mixup,131,1.4743772869769871,0.3550908735587258,1.4162967920303344,0.57578125,0.5659318943836302,0.000125
Moderately Regularised CNN - Mixup,132,1.498019820781385,0.3947625561852648,1.414922332763672,0.58671875,0.5774989148626817,0.000125
Moderately Regularised CNN - Mixup,133,1.4637545179710365,0.37267930427985146,1.4109939813613892,0.58671875,0.5745292219695948,0.000125
Moderately Regularised CNN - Mixup,134,1.6367412204734977,0.33574359976548757,1.4249245882034303,0.58203125,0.5738283297859798,6.25e-05
Moderately Regularised CNN - Mixup,135,1.5328964759811006,0.4119601328903654,1.4220155954360962,0.575,0.5663854944619989,6.25e-05
Moderately Regularised CNN - Mixup,136,1.4917514766126911,0.33476646472542504,1.4238398790359497,0.5734375,0.5634410511500558,6.25e-05
Moderately Regularised CNN - Mixup,137,1.5162633245103592,0.36916161813562637,1.4161409378051757,0.57890625,0.5688232088199466,6.25e-05
Moderately Regularised CNN - Mixup,138,1.5846832666123125,0.2798514754739105,1.4125698566436768,0.58359375,0.5719622545417009,6.25e-05
Moderately Regularised CNN - Mixup,139,1.5288951687452172,0.3758061364080516,1.420435404777527,0.57890625,0.5679089759211224,6.25e-05
Moderately Regularised CNN - Mixup,140,1.4204795682991718,0.35176861442251317,1.4151081323623658,0.57109375,0.5600858927956913,6.25e-05
Moderately Regularised CNN - Mixup,141,1.4138720826243478,0.4004299394176275,1.411404299736023,0.578125,0.5674118453366954,6.25e-05
Moderately Regularised CNN - Mixup,142,1.564190930492691,0.4154778190345906,1.4192122220993042,0.575,0.565421036619154,6.25e-05
Moderately Regularised CNN - Mixup,143,1.539357400881678,0.5108461989446942,1.4155893087387086,0.5765625,0.5653096181617382,3.125e-05
Moderately Regularised CNN - Mixup,144,1.5255460539715864,0.34258354504592536,1.4126692056655883,0.584375,0.5741201247867056,3.125e-05
Moderately Regularised CNN - Mixup,145,1.627983878757051,0.32479968731678716,1.4165755748748778,0.58359375,0.5722059732812199,3.125e-05
Moderately Regularised CNN - Mixup,146,1.5308340831918363,0.4004299394176275,1.4131049394607544,0.58671875,0.576799582644602,3.125e-05
Moderately Regularised CNN - Mixup,147,1.5789479021451098,0.29489935509087356,1.420689868927002,0.5859375,0.5760789442118568,3.125e-05
Moderately Regularised CNN - Mixup,148,1.442133813088868,0.5198358413132695,1.4121100425720214,0.584375,0.57416140424612,3.125e-05
Moderately Regularised CNN - Mixup,149,1.511505228806362,0.44010162204416653,1.4112564086914063,0.5859375,0.5759654275939003,3.125e-05
Moderately Regularised CNN - Mixup,150,1.4664828886108892,0.3814735196404143,1.4108423233032226,0.58828125,0.5784315605000739,3.125e-05
Moderately Regularised CNN - Mixup,151,1.5564007650065612,0.45729919874926717,1.412535548210144,0.5859375,0.5750504880358378,3.125e-05
Moderately Regularised CNN - Mixup,152,1.6459614485531364,0.4025796365057651,1.422280526161194,0.584375,0.574081725896746,1.5625e-05
Moderately Regularised CNN - Mixup,153,1.5231706072442206,0.43033027164354115,1.4165217638015748,0.58125,0.5710011898559102,1.5625e-05
Moderately Regularised CNN - Mixup,154,1.4018243789812632,0.23373070158295878,1.4102361917495727,0.58046875,0.5699258988526223,1.5625e-05
Moderately Regularised CNN - Mixup,155,1.5176427088516262,0.44049247606019154,1.4108875274658204,0.5828125,0.5730932724753414,1.5625e-05
Moderately Regularised CNN - Mixup,156,1.5694987918334895,0.4236857533711159,1.4140749454498291,0.58125,0.5707991556813767,1.5625e-05
Moderately Regularised CNN - Mixup,157,1.5728220321108453,0.39808481532147744,1.415741205215454,0.584375,0.5738608647276009,1.5625e-05
Moderately Regularised CNN - Mixup,158,1.4782238619528363,0.3015438733632988,1.411837911605835,0.57890625,0.5685252921264157,1.5625e-05
Moderately Regularised CNN - Mixup,159,1.3953129846368983,0.3799101035763143,1.4097934722900392,0.58203125,0.571629526339419,1.5625e-05
Moderately Regularised CNN - Mixup,160,1.5096527006282736,0.3996482313855775,1.4095511198043824,0.58203125,0.5722059312867371,1.5625e-05
Moderately Regularised CNN - Mixup,161,1.4127919009031438,0.26324017979284736,1.4084044456481934,0.57890625,0.566547703372801,7.8125e-06
Moderately Regularised CNN - Mixup,162,1.558616552242013,0.2718389681453977,1.411790370941162,0.5828125,0.5723603196583338,7.8125e-06
Moderately Regularised CNN - Mixup,163,1.5498273771955837,0.3017393003713113,1.4139115810394287,0.58046875,0.570099932400041,7.8125e-06
Moderately Regularised CNN - Mixup,164,1.4716242469799152,0.3849912057846394,1.4119356393814086,0.58203125,0.5711117581128218,7.8125e-06
Moderately Regularised CNN - Mixup,165,1.5201839490726121,0.4746922024623803,1.4139345169067383,0.57890625,0.5675017025385221,7.8125e-06
Moderately Regularised CNN - Mixup,166,1.5075516782516099,0.4017979284737151,1.4135329246520996,0.5796875,0.5692151845013864,7.8125e-06
Moderately Regularised CNN - Mixup,167,1.4451474672838978,0.5649794801641587,1.4111462116241456,0.584375,0.5732799282794208,7.8125e-06
Moderately Regularised CNN - Mixup,168,1.443335408225105,0.43482509282782883,1.4097323417663574,0.5828125,0.5723843500134916,7.8125e-06
Moderately Regularised CNN - Mixup,169,1.4562649274445474,0.2913816689466484,1.4095473766326905,0.5859375,0.5750461921958605,7.8125e-06
Moderately Regularised CNN - Mixup,170,1.5230599331487686,0.3226499902286496,1.4117326259613037,0.58203125,0.5711838432531109,3.90625e-06
Moderately Regularised CNN - Mixup,171,1.5870376473086314,0.412937267930428,1.4188984870910644,0.57890625,0.5681206833256011,3.90625e-06
Moderately Regularised CNN - Mixup,172,1.4316386046390037,0.3253859683408247,1.4098848104476929,0.5828125,0.5726885519275606,3.90625e-06
Moderately Regularised CNN - Mixup,173,1.5489816907236347,0.36095368379910103,1.4124136209487914,0.58046875,0.5702775774329989,3.90625e-06
Moderately Regularised CNN - SpecAugment + Mixup,1,2.0855410026809724,0.1381668946648427,2.0906686782836914,0.1453125,0.05988868458412249,0.001
Moderately Regularised CNN - SpecAugment + Mixup,2,2.015074240618533,0.17158491303498144,2.111802911758423,0.146875,0.07125085976859069,0.001
Moderately Regularised CNN - SpecAugment + Mixup,3,1.9784988125064351,0.15888215751416845,2.015970230102539,0.22578125,0.1402150795737724,0.001
Moderately Regularised CNN - SpecAugment + Mixup,4,1.9448038220102721,0.22513191323040843,1.931835412979126,0.265625,0.18530578337737275,0.001
Moderately Regularised CNN - SpecAugment + Mixup,5,1.9380462801221154,0.2214188000781708,1.8211403131484984,0.34453125,0.288717064102214,0.001
Moderately Regularised CNN - SpecAugment + Mixup,6,1.9004756934665623,0.2479968731678718,1.8053339958190917,0.34375,0.2774103998955778,0.001
Moderately Regularised CNN - SpecAugment + Mixup,7,1.8654423140678085,0.25972249364862227,1.7495124578475951,0.38984375,0.3260708080451982,0.001
Moderately Regularised CNN - SpecAugment + Mixup,8,1.8592140774068036,0.21496970881375807,1.7823981285095214,0.36171875,0.32511490384456565,0.001
Moderately Regularised CNN - SpecAugment + Mixup,9,1.82744773388934,0.3177643150283369,1.6907562971115113,0.425,0.3876567135305221,0.001
Moderately Regularised CNN - SpecAugment + Mixup,10,1.8159041910728766,0.23822552276724643,1.7043519258499145,0.4125,0.3666404022071079,0.001
Moderately Regularised CNN - SpecAugment + Mixup,11,1.8636551492960163,0.29392222005081103,1.767599391937256,0.371875,0.3384012567965412,0.001
Moderately Regularised CNN - SpecAugment + Mixup,12,1.8009373276919063,0.239593511823334,1.6855361700057983,0.4140625,0.37006012905012675,0.001
Moderately Regularised CNN - SpecAugment + Mixup,13,1.8751490821077974,0.28942739886652336,1.8687390327453612,0.328125,0.28276679439404456,0.001
Moderately Regularised CNN - SpecAugment + Mixup,14,1.7834556181029648,0.3113152237639242,1.6789133310317994,0.44375,0.41370382416851054,0.001
Moderately Regularised CNN - SpecAugment + Mixup,15,1.8239423366922733,0.24447918702364665,1.6935791015625,0.41015625,0.36959626876811547,0.001
Moderately Regularised CNN - SpecAugment + Mixup,16,1.8188999279043463,0.28415086965018566,1.6507443189620972,0.44375,0.4081734009675266,0.001
Moderately Regularised CNN - SpecAugment + Mixup,17,1.7584669822264585,0.2481923001758843,1.763481616973877,0.4078125,0.37167973754295486,0.001
Moderately Regularised CNN - SpecAugment + Mixup,18,1.8030872437924594,0.26734414696111003,1.5966307163238525,0.4828125,0.4500816709252141,0.001
Moderately Regularised CNN - SpecAugment + Mixup,19,1.8099508637768789,0.24975571623998435,1.8977930545806885,0.31875,0.3032802247949578,0.001
Moderately Regularised CNN - SpecAugment + Mixup,20,1.7379386628631597,0.23079929646277114,1.741616153717041,0.4046875,0.3640990164019852,0.001
Moderately Regularised CNN - SpecAugment + Mixup,21,1.75698235478978,0.2288450263826461,1.8694010019302367,0.3484375,0.32112951588753147,0.001
Moderately Regularised CNN - SpecAugment + Mixup,22,1.7429677631465024,0.16845808090678133,1.6240383625030517,0.48125,0.45928014895427105,0.001
Moderately Regularised CNN - SpecAugment + Mixup,23,1.7841221634149318,0.34590580418213795,1.599202847480774,0.4625,0.4237162351965392,0.001
Moderately Regularised CNN - SpecAugment + Mixup,24,1.7317489051995902,0.3500097713504006,1.6812423706054687,0.42890625,0.38936079241565213,0.001
Moderately Regularised CNN - SpecAugment + Mixup,25,1.7948246957362572,0.30857924565174905,1.6454900264739991,0.45546875,0.42616151764643345,0.001
Moderately Regularised CNN - SpecAugment + Mixup,26,1.7524293461930642,0.2583545045925347,1.6710964441299438,0.440625,0.4128997596155999,0.001
Moderately Regularised CNN - SpecAugment + Mixup,27,1.720513516905626,0.2608950556966973,1.5868824005126954,0.4953125,0.47026977966494,0.001
Moderately Regularised CNN - SpecAugment + Mixup,28,1.7846292548517895,0.2319718585108462,1.5979098081588745,0.48125,0.45800262806244385,0.001
Moderately Regularised CNN - SpecAugment + Mixup,29,1.7581945027088033,0.2345124096150088,1.5698832988739013,0.4984375,0.47077608803218185,0.001
Moderately Regularised CNN - SpecAugment + Mixup,30,1.7557725690178556,0.2163376978698456,1.5956295728683472,0.4734375,0.44647696337595133,0.001
Moderately Regularised CNN - SpecAugment + Mixup,31,1.6888932379889772,0.2972444791870236,1.7727018356323243,0.40703125,0.37866892253186807,0.001
Moderately Regularised CNN - SpecAugment + Mixup,32,1.70998071074975,0.2479968731678718,1.6259504795074462,0.48125,0.4646546845447078,0.001
Moderately Regularised CNN - SpecAugment + Mixup,33,1.7461129072613144,0.24135235489544654,1.6250287771224976,0.459375,0.4413532900532071,0.001
Moderately Regularised CNN - SpecAugment + Mixup,34,1.7500008244707361,0.28454172366621067,1.6040545463562013,0.48203125,0.45312258495614083,0.001
Moderately Regularised CNN - SpecAugment + Mixup,35,1.705764883100835,0.22024623803009577,1.6331245660781861,0.45859375,0.4368146397101965,0.001
Moderately Regularised CNN - SpecAugment + Mixup,36,1.733331129144173,0.253859683408247,1.9308034181594849,0.38125,0.3595896931853867,0.001
Moderately Regularised CNN - SpecAugment + Mixup,37,1.7436336887192627,0.319718585108462,1.6384967803955077,0.46171875,0.44127391771801633,0.001
Moderately Regularised CNN - SpecAugment + Mixup,38,1.7515841325745352,0.20891147156537032,1.5700458526611327,0.4984375,0.4711680671932358,0.001
Moderately Regularised CNN - SpecAugment + Mixup,39,1.7618891000980648,0.2902091068985734,1.5943434238433838,0.48203125,0.46103526487345636,0.001
Moderately Regularised CNN - SpecAugment + Mixup,40,1.692079487526256,0.2608950556966973,1.615228796005249,0.48828125,0.46591407756030484,0.001
Moderately Regularised CNN - SpecAugment + Mixup,41,1.6592931622566132,0.30564784053156147,1.5963668823242188,0.4953125,0.47617697669638415,0.001
Moderately Regularised CNN - SpecAugment + Mixup,42,1.6904964287438988,0.3414109829978503,1.5805225849151612,0.48671875,0.46779984759884163,0.001
Moderately Regularised CNN - SpecAugment + Mixup,43,1.7255975874415688,0.2294313074066836,1.5817331314086913,0.4984375,0.47743446312492444,0.001
Moderately Regularised CNN - SpecAugment + Mixup,44,1.682354327778297,0.31072894273988666,1.5617777347564696,0.50546875,0.4840790111171924,0.001
Moderately Regularised CNN - SpecAugment + Mixup,45,1.739461016487232,0.33984756693375023,1.5407351970672607,0.51640625,0.4990010543164378,0.001
Moderately Regularised CNN - SpecAugment + Mixup,46,1.7060479658153669,0.30271643541137383,1.6448145866394044,0.471875,0.4510079917212118,0.001
Moderately Regularised CNN - SpecAugment + Mixup,47,1.653940033022724,0.24135235489544654,1.588953971862793,0.509375,0.4875629312296595,0.001
Moderately Regularised CNN - SpecAugment + Mixup,48,1.7261776234550543,0.41391440297049054,1.5771075963974,0.48984375,0.4798839949623709,0.001
Moderately Regularised CNN - SpecAugment + Mixup,49,1.6785847970417567,0.3697478991596639,1.675208854675293,0.46796875,0.44017642569981047,0.001
Moderately Regularised CNN - SpecAugment + Mixup,50,1.7050641560102548,0.3468829392222005,1.5854984760284423,0.48671875,0.4600622281741025,0.001
Moderately Regularised CNN - SpecAugment + Mixup,51,1.7053627417100135,0.33515731874145005,1.8383715629577637,0.4359375,0.40695124993510146,0.001
Moderately Regularised CNN - SpecAugment + Mixup,52,1.7380845183992564,0.3376978698456127,1.651875114440918,0.4484375,0.41558626788651143,0.001
Moderately Regularised CNN - SpecAugment + Mixup,53,1.6621385498719685,0.3382841508696502,1.5870616674423217,0.48203125,0.46262279461537265,0.001
Moderately Regularised CNN - SpecAugment + Mixup,54,1.62132418234879,0.279656048465898,1.5753550767898559,0.4984375,0.47839524510988085,0.0005
Moderately Regularised CNN - SpecAugment + Mixup,55,1.6573707406260387,0.32636310338088725,1.5225046157836915,0.51640625,0.49391628403089105,0.0005
Moderately Regularised CNN - SpecAugment + Mixup,56,1.6818447906057281,0.4852452608950557,1.5294212579727173,0.52265625,0.5085879422229942,0.0005
Moderately Regularised CNN - SpecAugment + Mixup,57,1.7025431158115372,0.23333984756693374,1.540645956993103,0.5109375,0.48806501061975605,0.0005
Moderately Regularised CNN - SpecAugment + Mixup,58,1.6119543479619745,0.29411764705882354,1.5028541326522826,0.528125,0.5042599524365845,0.0005
Moderately Regularised CNN - SpecAugment + Mixup,59,1.7088304622950954,0.23138557748680869,1.5145681619644165,0.52890625,0.5112573235015891,0.0005
Moderately Regularised CNN - SpecAugment + Mixup,60,1.7208085907188178,0.31874145006839943,1.5217800855636596,0.53125,0.5099994976989979,0.0005
Moderately Regularised CNN - SpecAugment + Mixup,61,1.6802658249629716,0.3181551690443619,1.5087517499923706,0.52265625,0.5042865187629076,0.0005
Moderately Regularised CNN - SpecAugment + Mixup,62,1.6501411770805148,0.3500097713504006,1.521981954574585,0.52734375,0.5100315563772282,0.0005
Moderately Regularised CNN - SpecAugment + Mixup,63,1.6269608842038261,0.32460426030877465,1.5018956899642943,0.5359375,0.5127301908826591,0.0005
Moderately Regularised CNN - SpecAugment + Mixup,64,1.6967878225657165,0.30838381864373654,1.5195310831069946,0.5234375,0.5053268861891307,0.0005
Moderately Regularised CNN - SpecAugment + Mixup,65,1.6636013124565465,0.17783857729138167,1.4957019329071044,0.53203125,0.5152936591815807,0.0005
Moderately Regularised CNN - SpecAugment + Mixup,66,1.70729953585273,0.31639632597224937,1.5198364973068237,0.52890625,0.5123936764739492,0.0005
Moderately Regularised CNN - SpecAugment + Mixup,67,1.6383363880728148,0.3908540160250147,1.5405942440032958,0.51015625,0.4898586201767805,0.0005
Moderately Regularised CNN - SpecAugment + Mixup,68,1.7412714055210252,0.2614813367207348,1.5063704013824464,0.53046875,0.5166787182443365,0.0005
Moderately Regularised CNN - SpecAugment + Mixup,69,1.7097123373013725,0.3236271252687121,1.5013282299041748,0.52578125,0.5030206126488852,0.0005
Moderately Regularised CNN - SpecAugment + Mixup,70,1.6296356764998967,0.3681844830955638,1.4952519178390502,0.5375,0.5149979525741624,0.0005
Moderately Regularised CNN - SpecAugment + Mixup,71,1.6780399341985819,0.46179401993355484,1.4942419528961182,0.53515625,0.5121895398781033,0.0005
Moderately Regularised CNN - SpecAugment + Mixup,72,1.6883694636348823,0.35079147938245064,1.504024124145508,0.54609375,0.5291151770072094,0.0005
Moderately Regularised CNN - SpecAugment + Mixup,73,1.6652988603344787,0.2716435411373852,1.5525668859481812,0.5140625,0.4912672985086211,0.0005
Moderately Regularised CNN - SpecAugment + Mixup,74,1.6216967787527352,0.3034981434434239,1.4741381645202636,0.546875,0.5258063058509652,0.0005
Moderately Regularised CNN - SpecAugment + Mixup,75,1.658576525583243,0.23373070158295878,1.4918171644210816,0.54453125,0.5262325449521761,0.0005
Moderately Regularised CNN - SpecAugment + Mixup,76,1.6241564101158978,0.2560093804963846,1.5398564100265504,0.51484375,0.49937506888692607,0.0005
Moderately Regularised CNN - SpecAugment + Mixup,77,1.630490202234666,0.29900332225913623,1.539963436126709,0.50390625,0.4809648667127565,0.0005
Moderately Regularised CNN - SpecAugment + Mixup,78,1.6251830435926755,0.40981043580222787,1.5176238298416138,0.5359375,0.5182551610457654,0.0005
Moderately Regularised CNN - SpecAugment + Mixup,79,1.7114662093437811,0.359781121751026,1.5327263116836547,0.5203125,0.5045599613482661,0.0005
Moderately Regularised CNN - SpecAugment + Mixup,80,1.588101423366801,0.2827828805940981,1.5091020584106445,0.52890625,0.5070044046456299,0.0005
Moderately Regularised CNN - SpecAugment + Mixup,81,1.6858502831896092,0.2564002345124096,1.5021382808685302,0.5390625,0.5235451318546562,0.00025
Moderately Regularised CNN - SpecAugment + Mixup,82,1.6511398838767088,0.32988078952511235,1.4798462867736817,0.55,0.5318961942122886,0.00025
Moderately Regularised CNN - SpecAugment + Mixup,83,1.6486174382337817,0.3326167676372875,1.4892684698104859,0.54296875,0.5254837878703851,0.00025
Moderately Regularised CNN - SpecAugment + Mixup,84,1.6556386444655764,0.3443423881180379,1.4753281116485595,0.5453125,0.5273783519595296,0.00025
Moderately Regularised CNN - SpecAugment + Mixup,85,1.672885393709649,0.3380887238616377,1.5006607055664063,0.54453125,0.5246988882829667,0.00025
Moderately Regularised CNN - SpecAugment + Mixup,86,1.6254783704547833,0.22864959937463358,1.4805559158325194,0.540625,0.5202739767051274,0.00025
Moderately Regularised CNN - SpecAugment + Mixup,87,1.5987122754508312,0.42818057455540354,1.4647950649261474,0.54609375,0.5268067638645925,0.00025
Moderately Regularised CNN - SpecAugment + Mixup,88,1.6670770386781035,0.37150674223177643,1.4736790180206298,0.5515625,0.5343361063475535,0.00025
Moderately Regularised CNN - SpecAugment + Mixup,89,1.6865773690452748,0.34043384795778775,1.4902379274368287,0.540625,0.5249467095501383,0.00025
Moderately Regularised CNN - SpecAugment + Mixup,90,1.6348638009437948,0.24447918702364665,1.4934386730194091,0.5390625,0.518025455304981,0.00025
Moderately Regularised CNN - SpecAugment + Mixup,91,1.6208048522390843,0.38753175688880204,1.476385521888733,0.54296875,0.5242371923801141,0.00025
Moderately Regularised CNN - SpecAugment + Mixup,92,1.5878170871492334,0.2759429353136603,1.4620120525360107,0.55625,0.5366168894140386,0.00025
Moderately Regularised CNN - SpecAugment + Mixup,93,1.6506257709032022,0.34062927496580025,1.4667571783065796,0.55625,0.5391064949361433,0.00025
Moderately Regularised CNN - SpecAugment + Mixup,94,1.7029109070117945,0.2929450850107485,1.4941338062286378,0.546875,0.5291303083025671,0.00025
Moderately Regularised CNN - SpecAugment + Mixup,95,1.6110748834900728,0.24096150087942153,1.4840311288833619,0.559375,0.5440610355827378,0.00025
Moderately Regularised CNN - SpecAugment + Mixup,96,1.6159310988064084,0.3199140121164745,1.482405424118042,0.5515625,0.5347984894199527,0.00025
Moderately Regularised CNN - SpecAugment + Mixup,97,1.5883550659063763,0.39398084815321477,1.4755182266235352,0.5546875,0.5384560865660317,0.00025
Moderately Regularised CNN - SpecAugment + Mixup,98,1.6847275963560175,0.280437756497948,1.4787477016448975,0.54765625,0.525890777172767,0.00025
Moderately Regularised CNN - SpecAugment + Mixup,99,1.5740474725995,0.32401797928473713,1.476854419708252,0.56640625,0.5530998582094955,0.00025
Moderately Regularised CNN - SpecAugment + Mixup,100,1.6062808370180188,0.3181551690443619,1.4736312866210937,0.53671875,0.5152853629613763,0.00025
Moderately Regularised CNN - SpecAugment + Mixup,101,1.6224530674830204,0.3224545632206371,1.4996674060821533,0.5546875,0.539932930827419,0.00025
Moderately Regularised CNN - SpecAugment + Mixup,102,1.5879478646321807,0.3660347860074262,1.4862996816635132,0.55546875,0.5403975652778479,0.00025
Moderately Regularised CNN - SpecAugment + Mixup,103,1.742430071544666,0.31346492085206173,1.5060032844543456,0.5390625,0.5262164972857495,0.00025
Moderately Regularised CNN - SpecAugment + Mixup,104,1.605175393713809,0.37248387727183896,1.553819727897644,0.515625,0.4937022013753255,0.00025
Moderately Regularised CNN - SpecAugment + Mixup,105,1.593456325806839,0.3326167676372875,1.453691339492798,0.56640625,0.5507894211151412,0.00025
Moderately Regularised CNN - SpecAugment + Mixup,106,1.649954026603177,0.3591948407269885,1.4789730072021485,0.546875,0.5296356763628385,0.00025
Moderately Regularised CNN - SpecAugment + Mixup,107,1.5550562587594157,0.385577486808677,1.4527123689651489,0.56484375,0.5492350171484246,0.00025
Moderately Regularised CNN - SpecAugment + Mixup,108,1.5884025759451879,0.2982216142270862,1.4630066871643066,0.55703125,0.5388095919810598,0.000125
Moderately Regularised CNN - SpecAugment + Mixup,109,1.6498257024739669,0.4186046511627907,1.4717448234558106,0.54921875,0.5313718461177779,0.000125
Moderately Regularised CNN - SpecAugment + Mixup,110,1.566312879772421,0.41235098690639044,1.4662460327148437,0.55234375,0.5382832614513304,0.000125
Moderately Regularised CNN - SpecAugment + Mixup,111,1.6632089788661657,0.3541137385186633,1.480988359451294,0.54375,0.5277836468727901,0.000125
Moderately Regularised CNN - SpecAugment + Mixup,112,1.6335167403516533,0.40160250146570253,1.469910454750061,0.5484375,0.5338746170092139,0.000125
Moderately Regularised CNN - SpecAugment + Mixup,113,1.6044925081559822,0.25972249364862227,1.4515536308288575,0.56328125,0.5470213227306773,0.000125
Moderately Regularised CNN - SpecAugment + Mixup,114,1.6825680658410531,0.3640805159273012,1.4693260431289672,0.54921875,0.5317326474991447,0.000125
Moderately Regularised CNN - SpecAugment + Mixup,115,1.6359402030525856,0.2857142857142857,1.4811884880065918,0.55078125,0.5352384019800565,0.000125
Moderately Regularised CNN - SpecAugment + Mixup,116,1.5965563762646904,0.36701192104748875,1.46870698928833,0.55859375,0.5432079572987711,0.000125
Moderately Regularised CNN - SpecAugment + Mixup,117,1.6527021948378464,0.2057846394371702,1.463326334953308,0.55078125,0.5330270641008329,6.25e-05
Moderately Regularised CNN - SpecAugment + Mixup,118,1.6248875495300457,0.32382255227672463,1.4620649099349976,0.55625,0.5372974945645708,6.25e-05
Moderately Regularised CNN - SpecAugment + Mixup,119,1.5351048156528797,0.3429743990619504,1.4629912376403809,0.54921875,0.5264542115330957,6.25e-05
Moderately Regularised CNN - SpecAugment + Mixup,120,1.674242511959497,0.34786007426226306,1.4575986385345459,0.565625,0.5465346442901522,6.25e-05
Moderately Regularised CNN - SpecAugment + Mixup,121,1.5584186737440004,0.3445378151260504,1.4592833995819092,0.56484375,0.5477624602521796,6.25e-05
Moderately Regularised CNN - SpecAugment + Mixup,122,1.5521148427846214,0.34512409615008793,1.4602015733718872,0.5515625,0.5317364447864277,6.25e-05
Moderately Regularised CNN - SpecAugment + Mixup,123,1.6407606601249154,0.3488372093023256,1.4604109287261964,0.56015625,0.540888600691428,6.25e-05
Moderately Regularised CNN - SpecAugment + Mixup,124,1.5698414328090375,0.38303693570451436,1.4544467210769654,0.5609375,0.5438304091797879,6.25e-05
Moderately Regularised CNN - SpecAugment + Mixup,125,1.6322551892794783,0.3789329685362517,1.4527626991271974,0.56171875,0.5454540010261026,6.25e-05
Moderately Regularised CNN - SpecAugment + Mixup,126,1.5931204914790429,0.34023842094977524,1.4584571361541747,0.55546875,0.5375988826544864,3.125e-05
Moderately Regularised CNN - SpecAugment + Mixup,127,1.5408457787399858,0.386359194840727,1.4509633302688598,0.56015625,0.5415909297643383,3.125e-05
Moderately Regularised CNN - SpecAugment + Mixup,128,1.536257321885351,0.35704514363885087,1.4519773960113525,0.559375,0.5426127487196892,3.125e-05
Moderately Regularised CNN - SpecAugment + Mixup,129,1.5425698970336572,0.3914402970490522,1.4530473947525024,0.56328125,0.5469690868437593,3.125e-05
Moderately Regularised CNN - SpecAugment + Mixup,130,1.5974979753812961,0.39319914012116475,1.4547934532165527,0.5625,0.5450549094448028,3.125e-05
Moderately Regularised CNN - SpecAugment + Mixup,131,1.5691735281570596,0.32577682235684974,1.4547807931900025,0.5625,0.545394340057086,3.125e-05
Moderately Regularised CNN - SpecAugment + Mixup,132,1.5919647234036445,0.3705296071917139,1.457465147972107,0.5640625,0.5459031764710147,3.125e-05
Moderately Regularised CNN - SpecAugment + Mixup,133,1.5686475639583684,0.34531952315810044,1.4509248971939086,0.56328125,0.5442696414119166,3.125e-05
Moderately Regularised CNN - SpecAugment + Mixup,134,1.6963834867874392,0.30799296462771153,1.4597249984741212,0.56796875,0.5501593818172871,3.125e-05
Moderately Regularised CNN - SpecAugment + Mixup,135,1.625913578923009,0.3709204612077389,1.4587931394577027,0.5625,0.5456883558622099,1.5625e-05
Moderately Regularised CNN - SpecAugment + Mixup,136,1.5912723989721524,0.306234121555599,1.4551472902297973,0.56171875,0.5445687349226802,1.5625e-05
Moderately Regularised CNN - SpecAugment + Mixup,137,1.6163673846778028,0.33965213992573773,1.4566145420074463,0.56015625,0.5423526706006565,1.5625e-05
Moderately Regularised CNN - SpecAugment + Mixup,138,1.661130886467402,0.26206761774477233,1.4636884927749634,0.55625,0.5369668142795485,1.5625e-05
Moderately Regularised CNN - SpecAugment + Mixup,139,1.6177044860175607,0.3521594684385382,1.4652705192565918,0.55546875,0.5347654519806359,1.5625e-05
Moderately Regularised CNN - SpecAugment + Mixup,140,1.534202463020681,0.32108657416454955,1.4548295974731444,0.56015625,0.5416173294789857,1.5625e-05
Moderately Regularised CNN - SpecAugment + Mixup,141,1.5340318681906275,0.3545045925346883,1.4538550853729248,0.55703125,0.5399001155808061,1.5625e-05
Moderately Regularised CNN - SpecAugment + Mixup,142,1.6460108741643211,0.3789329685362517,1.4579662799835205,0.5625,0.5450820522871549,1.5625e-05
Moderately Regularised CNN - SpecAugment + Mixup,143,1.6255929779442628,0.4641391440297049,1.457538628578186,0.5625,0.5461087542298393,1.5625e-05
Moderately Regularised CNN - SpecAugment + Mixup,144,1.6226719437527055,0.3144420558921243,1.4607785224914551,0.56015625,0.5438810268230885,7.8125e-06
Moderately Regularised CNN - SpecAugment + Mixup,145,1.7061394428354189,0.29978503029118625,1.4670197010040282,0.55390625,0.5362478403122262,7.8125e-06
Moderately Regularised CNN - SpecAugment + Mixup,146,1.6257268096964086,0.35665428962282586,1.459918475151062,0.56015625,0.5438654975445778,7.8125e-06
Moderately Regularised CNN - SpecAugment + Mixup,147,1.6694646006989158,0.280828610513973,1.470322561264038,0.55546875,0.5377028071749391,7.8125e-06
